,,,,,,,,,,,,,,,,,,,,,,,,,,,,,,,,,,,,,,,,,,,,,,,,,,,,,,,,,,,,,,PARTAKER,PREAMPLIFIER,ABOUT,TAIWAN,CARIBOU,EPITHALAMIUM,MAZIER,,CARIOLE,GUSHIER,IMMOBILIZATION,OVERCAPITALIZE,TIED,OPIATES,TUFACEOUS,CODPIECE,DEATHBLOW,WORKTABLE,,,,,,,,,,,,,,,,,,,,,,,,,,,,,,,,,,,,,,,,,,,,,,,,,,,,,,,,,,,,,,,
,,,,,,,,,,,,,,,,,,,,,,,,,,,,,,,,,,,,,,,,,,,,,,,,,,,,,,,,,,,,,MAINLY,POSTURER,,SHRIEKIEST,,DANEWEED,,MATINEES,RATIFIED,,VARIATES,INTERRELIGIOUS,,UNIONISM,EXPEDIENTIAL,,ARGUE,SENIORITY,POTENCY,,,,,,,,,,,,,,,,,,,,,,,,,,,,,,,,,,,,,,,,,,,,,,,,,,,,,,,,,,,,,,,
,,,,,,,,,,,,,,,,,,,,,,,,,,,,,,,,,,,,,,,,,,,,,,,,,,,,,,,,,,,,,CLOSEST,TENDON,FRUITIER,,,BELEAGUER,,STATUTING,REINVIGORATION,EFFETE,ULTRAISM,,GRIEVE,STATUTORY,PERMUTATION,DISMORTGAGING,,UNPACK,,,,,,,,,,,,,,,,,,,,,,,,,,,,,,,,,,,,,,,,,,,,,,,,,,,,,,,,,,,,,,,,
,,,,,,,,,,,,,,,,,,,,,,,,,,,,,,,,,,,,,,,,,,,,,,,,,,,,,,,,,,,,OMNICOMPETENT,,RETROROCKET,QUOTATIONAL,EXTIRPATOR,,ETOILES,RELATION,,MEDIAL,MOISTURE,ALIENABLE,DUET,,AVIANIZES,GLUIER,UPRAISE,,CUSHION,,MONGOLIAN,,,,,,,,,,,,,,,,,,,,,,,,,,,,,,,,,,,,,,,,,,,,,,,,,,,,,,,,,,,,,,
,,,,,,,,,,,,,,,,,,,,,,,,,,,,,,,,,,,,,,,,,,,,,,,,,,,,,,,,,,,,,MARCEL,DEALCOHOLIZATION,,UPHOLDER,,JAYGEE,SALUTATION,EYEPOINT,,BAKERIES,,,,,MELANESIAN,,DEPRECIATIVE,ANAHEIM,RESIDUA,,RATIONALISM,,,,,,,,,,,,,,,,,,,,,,,,,,,,,,,,,,,,,,,,,,,,,,,,,,,,,,,,,,,,,
,,,,,,,,,,,,,,,,,,,,,,,,,,,,,,,,,,,,,,,,,,,,,,,,,,,,,,,,,,,,NUTRITIVE,ANTIHEROIC,PHOENICIAN,,KALEIDOSCOPE,ALKALINIZATION,CLAUDIUS,,,UNPAIRED,,NAP,,SUPEREROGATORY,UNACCOMPANIED,UNALIGNED,,RATIONALE,UNTWISTED,EXCLAMATION,PLUMPER,DESERTIC,,,,,,,,,,,,,,,,,,,,,,,,,,,,,,,,,,,,,,,,,,,,,,,,,,,,,,,,,,,,,
,,,,,,,,,,,,,,,,,,,,,,,,,,,,,,,,,,,,,,,,,,,,,,,,,,,,,,,,,,,WAVELENGTH,KENTUCKIAN,TABLEAUS,,,NONCONSENTING,,ORIENTATION,,,HACKEE,,,,MISERABILIA,AOUDAD,,,OUTDOES,BIOASSAYED,FEASANCE,UNHEROIC,MALATHION,WHITECOMB,,,,,,,,,,,,,,,,,,,,,,,,,,,,,,,,,,,,,,,,,,,,,,,,,,,,,,,,,,,,
,,,,,,,,,,,,,,,,,,,,,,,,,,,,,,,,,,,,,,,,,,,,,,,,,,,,,,,,,,VANITY,TINGLER,UNITARY,ENSHROUD,BAMBOO,INWEAVED,ADHESIVE,ASSAILER,,IDEOLOGUE,INTERCONTINENTAL,COOKERIES,URANIUM,LIAR,CAMEROONIAN,,PROTOZOA,,UNLAW,,,,DEMODULATING,OBJURGATION,SUPERNAL,,,,,,,,,,,,,,,,,,,,,,,,,,,,,,,,,,,,,,,,,,,,,,,,,,,,,,,,,,,,
,,,,,,,,,,,,,,,,,,,,,,,,,,,,,,,,,,,,,,,,,,,,,,,,,,,,,,,,,,ANSWER,GRANDEUR,NEGOTIATED,,VOIDABLE,PARKINSONIAN,,INJURIES,ANTITHETIC,AMPHIBIOUSNESS,COOPER,OBSEQUIOUS,PREVIOUS,NEUROLOGIZE,UNEVENTFUL,ARCO,DEVIATES,,,EXECRATION,TANGENTIALITY,KERATOID,RADIOISOTOPIC,COOLED,CONTAINABLE,HYMENAL,,,,,,,,,,,,,,,,,,,,,,,,,,,,,,,,,,,,,,,,,,,,,,,,,,,,,,,,,,,
,,,,,,,,,,,,,,,,,,,,,,,,,,,,,,,,,,,,,,,,,,,,,,,,,,,,,,,,,,SPACEPORT,EAVED,UNFOCUSED,,SOAK,HEAVENLIER,NOTICEABLE,CATALOGUED,,ADDITIVE,FASCIA,,OZONOUS,,,,COENAMORED,PEKOE,,OBTUSE,,EPIDERMIZATION,,,SWELTRIEST,LOTHSOME,,,,,,,,,,,,,,,,,,,,,,,,,,,,,,,,,,,,,,,,,,,,,,,,,,,,,,,,,,,
,,,,,,,,,,,,,,,,,,,,,,,,,,,,,,,,,,,,,,,,,,,,,,,,,,,,,,,,,,,,,AMBIGUOUS,SHOWPLACE,,MANEUVERER,GLEAMIER,SEAWEEDS,UNLICENSED,REQUITED,PION,UNPERCEIVING,ELECTROTHERAPUTICALLY,,,,INFUSION,NAUSEATE,FORMULAE,TWEEZE,NONGOVERNMENTAL,LOQUACIOUSNESS,NONDEMONSTRABLE,,SUBORNATION,PRICE,,,,,,,,,,,,,,,,,,,,,,,,,,,,,,,,,,,,,,,,,,,,,,,,,,,,,,,,,,
,,,,,,,,,,,,,,,,,,,,,,,,,,,,,,,,,,,,,,,,,,,,,,,,,,,,,,,,ANCESTRY,FERMATA,,,,TEETOTALED,,,,AIRLIKE,ATTENUATED,VIEWER,HOGTIE,OSMOSE,COAGULATES,,SHOPE,,BOATED,NAIROBI,,ALLEVIATOR,FOALED,FAUN,LOUR,EXACTER,SUBSTANTIATION,INDOMITABLE,,,,,,,,,,,,,,,,,,,,,,,,,,,,,,,,,,,,,,,,,,,,,,,,,,,,,,,,,,,
,,,,,,,,,,,,,,,,,,,,,,,,,,,,,,,,,,,,,,,,,,,,,,,,,,,,,,,,WHINIEST,PANTINGLY,,,EXTROVERSION,TONIER,SPEEDIER,,,,COLLOQUIUM,UNFURLING,ALIENABILITIES,RATIFICATION,UPDATABLE,MANDATEE,LIONIZER,,SEASCAPE,DEVOTIONAL,,DUEL,,RENEGOTIATES,,ANTIQUE,RECIRCULATION,BAYOU,,,,,,,,,,,,,,,,,,,,,,,,,,,,,,,,,,,,,,,,,,,,,,,,,,,,,,,,,,,
,,,,,,,,,,,,,,,,,,,,,,,,,,,,,,,,,,,,,,,,,,,,,,,,,,,,,,,SUBCOUNCIL,THINKABLE,,,,UNDESIGNING,PSEUDOCLASSIC,TITRATION,,EYESTONE,HEREINTO,LOITERER,AEROLOGIST,,GROUPIES,ODOUR,,,UNINTENDED,ACTUATION,ABIOTIC,RESTITUTED,OUTPATIENTS,UNTREADING,EQUATORIAL,,REROUTED,OVERCOOK,WEAKFISH,OUTSTANDINGLY,ERISTIC,,,,,,,,,,,,,,,,,,,,,,,,,,,,,,,,,,,,,,,,,,,,,,,,,,,,,,,,,
,,,,,,,,,,,,,,,,,,,,,,,,,,,,,,,,,,,,,,,,,,,,,,,,,,,,,,,,TINKERER,OBSCURATIVE,UNWEAVES,NATIVITIES,LOIN,CERIUM,BEIGE,EQUIPPED,INFERIOR,,DEACTIVATE,AREAS,CAUTIOUSLY,QAID,MONIED,ARBITRARILY,DIATOM,COUGAR,,RADIOMAN,,INDECIDUOUS,,ORANGE,,,,KINESIOLOGIC,STATIONERIES,GRUNGIER,TRIFOLD,,,,,,,,,,,,,,,,,,,,,,,,,,,,,,,,,,,,,,,,,,,,,,,,,,,,,,,,
,,,,,,,,,,,,,,,,,,,,,,,,,,,,,,,,,,,,,,,,,,,,,,,,,,,,,,RECORDIST,ADSORBATE,ULTRAVIOLET,PRECURSOR,ZOMBIE,,DECENARIES,,OUTLANDISHLY,,NONCONCLUSIVE,EMULSIFIABLE,,OCTOGENARIAN,UNBOX,GOATFISH,ANXIOUSNESS,,THAI,,INEFFICACIOUS,,,DEFOLIATES,EXPEDIENCE,ULTIMACY,EXPLORER,,RAMBUNCTIOUSNESS,UNDERDONE,INNOVATE,CUSPIDOR,METHODICAL,,,,,,,,,,,,,,,,,,,,,,,,,,,,,,,,,,,,,,,,,,,,,,,,,,,,,,,,
,,,,,,,,,,,,,,,,,,,,,,,,,,,,,,,,,,,,,,,,,,,,,,,,,,,,,,PROSTRATION,MOCKINGLY,,,OVERSHADOW,,REPARATORY,,CONSUBSTANTIATION,NAUSEATES,AUTOCRATIC,DEAIR,MILEAGES,REAR,IMPETIGO,,UNRESPECTFUL,,UNBLOCK,NUMERATIONS,LUAU,DENAZIFIES,MULTIMEDIA,TURQUOISES,HOSIER,,AGLEE,DEFIED,,EVALUATIONS,ROUSES,,,ADJOINT,,,,,,,,,,,,,,,,,,,,,,,,,,,,,,,,,,,,,,,,,,,,,,,,,,,,,,,
,,,,,,,,,,,,,,,,,,,,,,,,,,,,,,,,,,,,,,,,,,,,,,,,,,,,,OUTWARD,,GEARED,ANTISOCIAL,PEELER,AQUIFER,,,,,SINUOUS,,PERISHABLY,UNPERFORMED,TEENER,REINDUCE,AEONIC,BUSIED,SHOVELFUL,RELIEVED,,UNSINKABLE,,ULCER,,UNDERFINANCED,MELODEON,BEARER,NONRESIDUAL,,DOGGIE,,UNSEALED,,MIDBRAIN,,,,,,,,,,,,,,,,,,,,,,,,,,,,,,,,,,,,,,,,,,,,,,,,,,,,,,,
,,,,,,,,,,,,,,,,,,,,,,,,,,,,,,,,,,,,,,,,,,,,,,,,,,,,,HAZARDOUSLY,TUNABLY,MOAS,MORTUARIES,,,ENMITIES,UNQUIETS,IMPETUOUS,IDLE,,,ADDUCE,JOINER,,SEDULOUS,INMATE,,RADIAN,,WEAKEN,OVERFATIGUED,MIMEOED,,DEFOLIATOR,EXUDATION,AEROBE,,PERTURBATION,PURLIEU,,,SPIRITUOUS,FIERIEST,ENTROPY,ODORFUL,,,,,,,,,,,,,,,,,,,,,,,,,,,,,,,,,,,,,,,,,,,,,,,,,,,,,,
,,,,,,,,,,,,,,,,,,,,,,,,,,,,,,,,,,,,,,,,,,,,,,,,,,,,MORBID,CLIMATAL,CONTAINMENT,,INTUITIVE,,ALOPECIAS,CONCERNING,POSHER,TUTORIAL,FOUL,,,DECIDEDLY,ARDUOUS,,UNEXTINGUISHED,EXCORIATION,,,,,AURA,SQUEAKIEST,LONGISH,ENUMERABLE,AQUAVIT,PEDOPHILIA,QUEUEING,INEXORABLE,SALIENCIES,PLEASE,MOTORSHIP,,ANOMIE,LOATHSOME,CARDING,,,,,,,,,,,,,,,,,,,,,,,,,,,,,,,,,,,,,,,,,,,,,,,,,,,,,,
,,,,,,,,,,,,,,,,,,,,,,,,,,,,,,,,,,,,,,,,,,,,,,,,,,,,HYPERKINETIC,,FELICITOUS,IRIDIUMS,INCONGRUENCE,AURORAE,GAINSAID,,,INTRANSIGENCE,,UNLET,OILSEED,CAMBODIA,CALCULABLY,SQUIRE,,,OUTDOER,UNCOILING,,AUTOBAHN,INCOMPENSATION,SWEETENED,,,,BIOTITE,BLUEBOOK,UNTRAINED,GESTICULATIONS,UNBAR,,AEROGRAM,URTICARIA,EXASPERATE,FILTRATE,GLUCOSE,,,,,,,,,,,,,,,,,,,,,,,,,,,,,,,,,,,,,,,,,,,,,,,,,,,,,
,,,,,,,,,,,,,,,,,,,,,,,,,,,,,,,,,,,,,,,,,,,,,,,,,,,TAPERINGLY,MAGNETIZABLE,BONSAI,OUTWEIGHED,ANNUAL,SHREVEPORT,GOITER,QUAT,OBEAHS,PLATEAUED,,UNPLEASING,,PROGRAMED,,,EPITAPH,UNDELIVERED,TWADDLED,MISPRINTING,INCIVILITY,OVERGENERALIZED,,GREENISH,,FLORESCENCE,,NODDER,REGLAZED,,PILOTHOUSE,AUTOMATS,HOER,UREIC,DEAFER,AUTOMATONS,MOUES,INJECT,ENGAGER,,,,,,,,,,,,,,,,,,,,,,,,,,,,,,,,,,,,,,,,,,,,,,,,,,,,,
,,,,,,,,,,,,,,,,,,,,,,,,,,,,,,,,,,,,,,,,,,,,,,,,,,,LIMESTONE,,UNIONISTIC,,MELIORATIONS,,,REFUTATION,UNEMPLOYED,LEISURES,,ILLEGITIMACY,BUTTY,BLOODBATH,MISAPPREHENDED,COMPROMISED,BOOTLEGGING,FLORALLY,BAYING,AFFECTER,WHITTLE,SPREADSHEET,,UNDERRAN,FRUITFULLY,OBSTETRICALLY,DISSOLVABLE,,BRAVEST,,,DOMINIE,IONIZE,ACRIMONIOUS,IUDS,PATENTABILITY,,NONSMOKING,METRICATION,OVERBALANCE,,,,,,,,,,,,,,,,,,,,,,,,,,,,,,,,,,,,,,,,,,,,,,,,,,,,
,,,,,,,,,,,,,,,,,,,,,,,,,,,,,,,,,,,,,,,,,,,,,,,,,,SNOWPACK,,,,,UNQUESTIONABLE,HACIENDA,,WHOOPEE,SHADOWLESS,DEPLETES,SWELLEST,CONJUGATING,FORETASTED,FREEMASON,,,,,,SQUIGGLING,,CESSATION,SCOOPSFUL,FOOTPATH,ENSLAVEMENT,PURPOSING,,REENSLAVING,IMMENSE,OVEREXTEND,BEDRUG,GUESSED,REINCORPORATED,REHEAR,,,AQUAPLANES,,POLYHEDRA,TRIMORPH,,,,,,,,,,,,,,,,,,,,,,,,,,,,,,,,,,,,,,,,,,,,,,,,,,,,
,,,,,,,,,,,,,,,,,,,,,,,,,,,,,,,,,,,,,,,,,,,,,,,,,,,MODERNITY,,MISTAKING,MASHER,MARKSMANSHIP,NONSENSICAL,,UNHORSING,SORTED,SCATHING,EPIGRAMMATICAL,FELLOW,REVIVING,,,,,MOPPET,DROPPED,COMPLICATING,VASECTOMIZING,RELATING,,HANDBILL,RAPTURED,PRECALCULATED,BROILING,,FRILL,OPPRESSOR,GABLED,COMPRESSION,,DOGGREL,VENOMOUS,,FISHNET,,,HEMPIER,TROPHISM,,,,,,,,,,,,,,,,,,,,,,,,,,,,,,,,,,,,,,,,,,,,,,,,,,,
,,,,,,,,,,,,,,,,,,,,,,,,,,,,,,,,,,,,,,,,,,,,,,,,,FEIGNEDLY,,PROMULGED,BREVETED,ENSKYING,BLOOPED,JUAN,,,,MELANITES,SELTZERS,PROCTORING,EMERITI,PREDESTINING,,SEMICLASSICALLY,OVERMAGNIFYING,CRUMPLING,,DIBBLER,,BRIBE,WITHERING,NARCOTIZED,ENCAPSULING,SUMPTUOUSLY,APPOINT,,BIGHTED,AGGREGATED,,,LAWING,,JAMBING,SHODDIER,BOUSES,,WAPPING,,LANDSLIP,NORMATIVE,,,,,,,,,,,,,,,,,,,,,,,,,,,,,,,,,,,,,,,,,,,,,,,,,,,
,,,,,,,,,,,,,,,,,,,,,,,,,,,,,,,,,,,,,,,,,,,,,,,,,SUBPENA,DRIVEWAY,IRREDENTIST,,ROMANTICIZATION,INTERMEDIATED,TOBOGGANISTS,ABDOMENS,,CONGEALS,ADUMBRATES,,GOMORRAH,EMPLOYED,TRIUMPHED,PATROLLER,FELLAHIN,CARTONING,,FLAYING,NEIGHED,FIZZIER,CHINES,,UNWILLINGLY,,,FARROW,PALATABILITY,,PRETTIFY,DEPLANING,,LEMON,LAUGHED,,TAMBOURING,TRANSFERRER,,,INCOHERENCE,BOWELING,PRECIPITOUSLY,VERDANTLY,,,,,,,,,,,,,,,,,,,,,,,,,,,,,,,,,,,,,,,,,,,,,,,,,,
,,,,,,,,,,,,,,,,,,,,,,,,,,,,,,,,,,,,,,,,,,,,,,,,LEARN,,WILLOWERS,ORWELLIAN,GOBBLE,SELVEDGE,TURMOILS,MEZUZAS,IDEM,,TATTLED,,SKILLET,CRUMPING,,,MANNERED,,ENVISIONING,REWEDDED,SWEEPIEST,BRIDE,EARTHED,COUPING,LANCETED,,ALTERED,PARAMILITARY,FEUDING,COMPLEXIONED,SPARED,BURGLARIZED,INCRUSTING,PANORAMICALLY,OPPOSABILITY,RENEGADING,BANISHING,NEWSWORTHINESS,RESETTLING,CLACKING,IRRELEVANTLY,BOXIEST,,ALGORISM,VASECTOMIZE,,,,,,,,,,,,,,,,,,,,,,,,,,,,,,,,,,,,,,,,,,,,,,,,,,
,,,,,,,,,,,,,,,,,,,,,,,,,,,,,,,,,,,,,,,,,,,,,,,,CERTAINTY,VENTURE,LOFT,,,,HARDHEADEDNESS,ALOHA,NAPHTHOUS,BENZINES,,MILLIAMMETER,SNOWCAPPED,SNUBBER,THRUSTED,BROCCOLI,,CENSUSED,,,DRAWSTRING,SMARTING,SUPERVENED,,REFLEXIVE,ADULTERATED,RUSSIAN,WRIGGLIER,ESTIVATED,REVERENTIAL,,ENFEVERING,CAMPED,,ASSERTIVE,GALLOP,GRIPPERS,POCO,,NICKS,,AFFIRM,,GARNISHING,WINSOMER,POWERFUL,,,,,,,,,,,,,,,,,,,,,,,,,,,,,,,,,,,,,,,,,,,,,,,,,
,,,,,,,,,,,,,,,,,,,,,,,,,,,,,,,,,,,,,,,,,,,,,,,FORETHOUGHTFUL,TRINAL,,DICKER,SHAWL,,ASTONISHES,HYPOTHESISTS,CAITIFFS,MALAMUTES,TORTOISESHELL,,,,,,DUBONNET,,,,DIMINISHMENT,,,RECAPPED,,EDICTALLY,BRIDGEHEAD,,EXPEDITED,KNUCKLING,GRAPHED,,MESSMAN,REQUIREMENT,,UNCONDITIONALITY,SILKSCREENED,BELLING,RESTRICTIONS,,ROUNDS,EISTEDDFODS,HATMAKERS,CHEDDARS,,RHEUMATOLOGY,,,,,,,,,,,,,,,,,,,,,,,,,,,,,,,,,,,,,,,,,,,,,,,,,,
,,,,,,,,,,,,,,,,,,,,,,,,,,,,,,,,,,,,,,,,,,,,,,,TENDERLOIN,MYSTIQUE,MORBIDLY,BAWDY,,GNARLIER,YELLERS,,SACREDNESS,MOONS,,,,,,MELLIFIC,,,TAPROOT,,ADHERING,,,,TUMESCENCE,CATCALLED,RECKLESSLY,AMPULLA,MICROFILMING,SNIPPETY,,REWELDING,TRISECTED,,AFFRAYING,,KERRY,TROMPING,,GUILDHALL,CEDERS,CORONA,ACCUSATIVES,STRYCHNINE,VIGILANT,FRISK,,,,,,,,,,,,,,,,,,,,,,,,,,,,,,,,,,,,,,,,,,,,,,,,,,
,,,,,,,,,,,,,,,,,,,,,,,,,,,,,,,,,,,,,,,,,,,,,,MISPLAY,INCORPOREAL,NARD,SCHOLAR,COMPARTMENT,,CASTEISM,MARINADED,BOTULISMS,KASHAS,AMONTILLADOS,,,CALCUTTA,,DIALLING,DURNING,SHIMMED,REPLACING,EMBOWERED,,LAYERING,SCALLOPER,,APPOINTMENT,,BLOTTED,MORPHOLOGICAL,POLLIWOG,FRIGHTFULLY,PROPERTIED,BILLOWIEST,CANNULA,INQUISITORY,SHELLAC,TREPHINING,,,JOGGLER,,JET,,TETRADS,TERRENES,,,FLETCHER,DECLARANT,PUNKEST,,,,,,,,,,,,,,,,,,,,,,,,,,,,,,,,,,,,,,,,,,,,,,,,
,,,,,,,,,,,,,,,,,,,,,,,,,,,,,,,,,,,,,,,,,,,,,,GALVANIZER,,OPACIFY,DIRECTED,SOMEPLACE,,OBTRUDES,REDEYES,PELVES,RANKINGS,METERED,PIGGISHNESS,REEVING,EXACTING,SQUIFFED,SMELL,,,,,,,PICTORIALLY,,ROENTGENOMETRY,,OXIDIZING,,,UNASCERTAINABLE,DIVULGING,INTERMEDIATELY,HUZZAHED,COOKERY,REPOSSESSION,FLOPPIER,SOCIALIZING,RECALLER,,SYNTHESIZING,,CENTARES,EFFULGENCE,,SPRATS,ENRICHMENT,PRICY,DISGUISEMENT,EMPTOR,AMBULANCE,,,,,,,,,,,,,,,,,,,,,,,,,,,,,,,,,,,,,,,,,,,,,,,
,,,,,,,,,,,,,,,,,,,,,,,,,,,,,,,,,,,,,,,,,,,,,MORTALITY,PRECENTOR,FAMING,,RETREAD,FOLDABLE,DIGRAPH,BATCHED,,UNCURLS,SADDENS,ACCUSES,MONOGAMOUSNESS,,,,BLINDFOLDING,LOUNGING,,,IMBALMED,DEBUTING,DIFFUSE,ANNULAR,PHRENOLOGICALLY,CANDYING,,,,HAZARDED,FOLLOWING,DESICCATE,SUING,LANSING,,HEARTRENDING,HUGGABLE,REPLANNED,FATHERED,ASSYRIAN,MASTERIES,TOMBED,PINKS,MARSHALCIES,KENNELED,NIGHTCAPS,,,LINKMAN,LANDLORD,PANTOMIMIC,,,,,,,,,,,,,,,,,,,,,,,,,,,,,,,,,,,,,,,,,,,,,,,
,,,,,,,,,,,,,,,,,,,,,,,,,,,,,,,,,,,,,,,,,,,,,OPENHANDEDLY,DUSKIER,,DUSTER,CHAOS,TUNE,CURRIERS,BERRETTAS,JACKLEGS,NEUROLOGISTS,TIMBALES,DEMARCATES,GIGGED,,,TIMBERING,OUTSPELLING,TURNING,,SLOGGED,HORNSWOGGLING,,JOWL,DETOURNEMENT,TRANSLATED,OPENHEARTED,FORJUDGED,,INDOWED,,BUFFERING,REEMPLOYING,ENSILAGING,,BLUSHED,CROSSTIE,CONVEYING,HOMESTEADER,SQUIRMING,CANOPYING,,CRAWLWAYS,HOUSESITTING,,CRAZED,MOTHERHOOD,BRACING,THUMBNUTS,,,HYPOXEMIA,INCONSUMABLY,,,,,,,,,,,,,,,,,,,,,,,,,,,,,,,,,,,,,,,,,,,,,,
,,,,,,,,,,,,,,,,,,,,,,,,,,,,,,,,,,,,,,,,,,,,,,,EMPURPLE,,YOICKS,,JAGS,POETESSES,FEUDISTS,ASPERSIONS,LOURS,,,,PEACEMAKING,PREAPPOINTING,OBFUSCATED,,SCUFFED,BRAGGADOCIO,HESSIAN,YEARNED,,SILLY,,BLUEFIN,,FOAMING,BABOONISH,,,,,RELETTER,WHAMMING,,,,SUPPLEMENTAL,,,CAUSEWAYS,,TWIDDLING,SUFFUSE,GARRET,BALLADIC,,INEBRIETY,BRANCH,,RESOLD,,,,,,,,,,,,,,,,,,,,,,,,,,,,,,,,,,,,,,,,,,,,,,
,,,,,,,,,,,,,,,,,,,,,,,,,,,,,,,,,,,,,,,,,,,,ACUTEST,IMPERTINENTLY,,,DIPPERS,PROSPECTUS,,TANS,TRANSLATIONS,,,RETINALS,,FLAMMING,COMMITTEEMAN,,ELECTROENCEPHALOGRAPH,SUFFUSION,SUPPORTER,REBILL,PROHIBITION,,DIARRHEAL,ORPHANING,NOTARIZING,,TWIGGED,SCRAPED,INARTISTIC,,ANNOTATOR,ADMITTANCE,GONADECTOMIZED,,GARBED,PROTECTED,,RAZORING,,,PARSED,,,,GROMMET,,REMELTING,POLYMORPHICALLY,STILLEST,,CARBURIZE,INTURN,GABRIEL,,,,,,,,,,,,,,,,,,,,,,,,,,,,,,,,,,,,,,,,,,,,,,
,,,,,,,,,,,,,,,,,,,,,,,,,,,,,,,,,,,,,,,,,,,MOTORCYCLIST,HONESTLY,SLIGHTER,,INTESTINAL,PERFORM,CHIROPRACTOR,TONE,LIVETRAPS,FALLIBLENESS,,PSYCHIATRIC,RECRYSTALLIZES,HUCKSTERS,ALLOTROPICALLY,WRATHING,,PINNING,MORPHOLOGICALLY,WOOSH,,WABBLER,MISLABELLING,MACULATING,,DOGGERY,ULTRASTRUCTURE,BUNGLING,JOBBER,PLENISHED,CORRECTING,CLINGED,,,,COLLATED,TENANTED,YUMMIER,,SHOUTING,REBUTTER,GUFF,PUGILISMS,INSCRIBERS,,SCONCING,PAINKILLING,BEDSTEAD,,WITTINGLY,,PSYCHOLOGIC,,CARCASE,,,,,,,,,,,,,,,,,,,,,,,,,,,,,,,,,,,,,,,,,,,,,,
,,,,,,,,,,,,,,,,,,,,,,,,,,,,,,,,,,,,,,,,,,,CONSTRICTIVE,DOGLEG,NIRVANIC,CAMP,UNSCRATCHED,LEGITIMIZER,BOARDWALKS,SHARES,NARCOLEPSIES,,WARRANTORS,,,ROOFING,EGGPLANT,,BUZZING,FOURTEENTH,REGRESSOR,INFLATIONISM,SNUFFLY,WINNOWED,FATTIER,REANNEXING,CURBED,,GALLSTONE,CORRUPTIONIST,INTERVIEWED,,OBVIATING,MICROINSTRUCTION,AGGRESSIVE,MISAPPLIER,,FOOTWAY,EXPERTING,,,BUMMEST,,,HANDLERS,UNDERSTATES,MAKESHIFTS,,,SPIRALED,ADMITTER,GASSIEST,MINISTRATIONS,ABNORMAL,FRESCOIST,RECEPT,FIDGETY,INCONGRUITY,,,,,,,,,,,,,,,,,,,,,,,,,,,,,,,,,,,,,,,,,,,,
,,,,,,,,,,,,,,,,,,,,,,,,,,,,,,,,,,,,,,,,,,PUSLIKE,MODESTY,ROCKY,INTEND,DECENT,PURIST,GOODNESS,SNITCHES,RAVED,,LIBERATE,,,,,ENTICEMENTS,FOGLESS,,,RARING,,BOLDFACED,NARRATOR,,KNITTED,REASSESSING,PERFECTAS,,,RECONVERTING,BLACKBERRY,LAKING,,,DISSENT,BITTERLY,COLLEGIALLY,NUMERICALLY,,LEVYING,,ITEMING,PIZZA,,TILES,COMPENSATED,,LIFTOFF,,MISEMPLOYING,MEDDLESOMELY,DEGRADES,GRAYOUTS,,BIOPSYCHOLOGY,,HEDGEPIG,,,,,,,,,,,,,,,,,,,,,,,,,,,,,,,,,,,,,,,,,,,,
,,,,,,,,,,,,,,,,,,,,,,,,,,,,,,,,,,,,,,,,,,ZIRCON,THOUGH,BRITISH,,SCURF,BRANCHLIKE,MACROBIOTIC,SQUARENESS,CRAMMERS,POTATO,PIMAS,,NIGHTLONG,THEOSOPHY,MISPRIZE,SPECIALIST,HOTCHPOTCH,CONFEREES,TROWELER,GUNPLAYS,ULTRAMICROSCOPICALLY,SURVEILED,DAWDLING,NYMPHOLEPSIES,,,CHEAPIE,SOUTHEASTWARD,ASTROLOGIC,NOTCHY,,SENTENTIOUSLY,,RIVAL,INNERVATING,,EMMET,DISENTHRALLED,SOARING,,,CUFFLESS,PHILANTHROPIES,HUCKSTERED,,PEDDLING,CELLARAGE,SUBSYSTEMS,GOGGLY,TRANSFIGURED,CROCHETERS,EN,,THINGS,DECADENTLY,STRONGER,,HATFUL,,,,,,,,,,,,,,,,,,,,,,,,,,,,,,,,,,,,,,,,,,,
,,,,,,,,,,,,,,,,,,,,,,,,,,,,,,,,,,,,,,,,,FRAUDULENT,INTERCALATION,,UNTEACHING,SIDLING,SENSORIUM,EXOSPHERE,,FEALTY,NUMERALS,,CAMPAIGNERS,ASKERS,,EQUESTRIANISM,FECUNDITY,ENGLANDER,LEDGIER,GOLDEST,THIGHBONE,ADVENTURER,,FLITTERED,TRIFURCATED,CLEFTS,,ASTROLOGICAL,,SIMPLE,MODERNIZE,INDECOROUSLY,GLYPHS,RELATIVELY,PROMONARCHISTS,AMBROSIAS,COLURES,,BACKPACKING,,,CRUMMIEST,JOURNEYERS,DOMINATES,IONOSPHERES,BALSAMED,MOONBOW,KARMAS,SORTIEING,,MISUSES,,HEXAGON,,PUB,CACHALOT,GAOLING,MIDLEG,THOROUGHER,TSARINA,,,,,,,,,,,,,,,,,,,,,,,,,,,,,,,,,,,,,,,,,,,
,,,,,,,,,,,,,,,,,,,,,,,,,,,,,,,,,,,,,,,,,,RATIFY,,CLAMP,RARIFY,CLERGYMEN,,,SACHETS,,HAWTHORNE,FLESHPOTS,,FIRELIGHT,INFORMALITY,MAYANS,RELEVANCIES,LYRISTS,INFRINGER,GUSTIER,INTEGRATIVE,CUBBIES,CURLED,DISCONNECTING,MYTHS,TAMALES,NONSURGICAL,FAMILY,POROUSLY,KELTIC,IRENIC,AFGHANIS,CROONER,SURPLUSES,TRAINWAY,,,AVOWAL,,CRAZIES,NEEDILY,,SPECULATIVELY,,VINIC,SUBURBS,NOOSERS,HOLDS,CHEAPEN,,,SCHOLARSHIP,TENNERS,APPELLORS,HAVERS,CLAVICHORDS,PLACQUE,MANCHUS,,WONDERINGLY,,,,,,,,,,,,,,,,,,,,,,,,,,,,,,,,,,,,,,,,,,
,,,,,,,,,,,,,,,,,,,,,,,,,,,,,,,,,,,,,,,,TRAVELABLE,,LEACHY,FLAXY,TRACHOMA,GARMENT,TELEPATHIST,COLONIALISTS,EVENER,PSYCHOLOGIES,POLARISCOPE,BLUFFERS,AFFIDAVITS,NIMS,CONTEXTUAL,DELICTO,ZEBRA,HIBERNAL,FECUND,PSYCHOPATHICALLY,GRUDGE,,LARKING,LAPPET,FINNING,,BLESSERS,AMPHIBIA,FORGIVER,ORGIASTIC,HEBRAIC,SYNTAXES,,WOMANIZER,VULGARISMS,,,,MERGERS,PROLAPSES,HUMMOCKY,,MALIGNANCIES,,CROSSOVERS,,POTTY,,JESSES,ASSEMBLAGES,,PITSAW,OVERANALYZE,CONCISELY,PROHIBITORY,,PERVADERS,PEGBOX,,MAGMATIC,READJOURNMENT,,,,,,,,,,,,,,,,,,,,,,,,,,,,,,,,,,,,,,,,,,
,,,,,,,,,,,,,,,,,,,,,,,,,,,,,,,,,,,,,,,,GLARINGLY,,THAW,SEMITIST,SMITHY,SUBSCRIBER,CHAFFIER,GIGATON,,PRAYERFUL,WALLAS,,,POSTURES,,MOISTENER,,ADJUROR,RECONDITE,VAGAL,JODHPUR,CAMBODIANS,STRAITLACED,CEREBELLA,WATTMETER,HUDDLING,LUPIN,ORPHAN,,LUBRICATOR,,TREMBLINGLY,TIMBALE,FORGETFUL,FRUSTRATINGLY,RITUALS,RANSACKS,,,,TABLED,FALTERS,,,ISOGAMY,POLYHEDRONS,PROSECUTIONS,GUARDANTS,,NORMALACY,QUARTERBACKS,ACHIEVED,SYLPHS,JOG,SWEETHEARTS,IMPERSONATOR,FULNESS,CHINCHILLAS,,THORACIC,CONFUCIANISM,SCARIEST,,,,,,,,,,,,,,,,,,,,,,,,,,,,,,,,,,,,,,,,,
,,,,,,,,,,,,,,,,,,,,,,,,,,,,,,,,,,,,,,,TURNDOWN,PROMOTABLE,CHATEAU,SOPHY,GUESTING,STARVER,UNTRUTH,,,,PLATEN,PERPETUATOR,COMPENSATES,ESTRAGONS,,LARDER,FACTOTUM,AUGUSTNESS,,ALLOTS,ZEROS,QUAINTNESS,MARACA,,RAWHIDED,SUPPORTABLE,STOKING,,FINDERS,TENOURS,MORGENS,RESISTERS,AMUCKS,MOONBEAMS,PROOFREADERS,,,CONVOLVULUS,ABIDERS,MICRONESIANS,,,SHIMMERING,CANNABINOL,SKIWEARS,,,PENLITES,DRAGONS,CODAS,CLANSMEN,,SALMAGUNDI,,TEETHINGS,,POLITY,TRICKERS,HAUNCHED,COSTUME,TRIPLY,ROVINGLY,,,,,,,,,,,,,,,,,,,,,,,,,,,,,,,,,,,,,,,,,,
,,,,,,,,,,,,,,,,,,,,,,,,,,,,,,,,,,,,,,,HANDIWORK,CELEBRATOR,,,,RESONANTLY,MYSTERIOUSLY,FROWARD,NOSTALGIA,THWARTLY,PSYCH,RESOUND,GYMNASTS,HOSTLERS,,HATABLE,EMANATORS,,ELIXIRS,INTONERS,CINEMA,FUMIGATES,FUNNIER,,LOBBYISM,WITHSTANDING,DIAGRAMMING,,PAINTING,HALLOWEENS,,,CLAPPING,,OCCULTISM,INTERACTING,REDISSOLVING,ABOLITIONISTS,,FORKERS,SPARKLING,,ACADEMICALLY,,MADDEST,ALAMEDAS,,HEADS,PROTECTRESSES,PRESENTATION,,LURID,JETTIES,BYPLAYS,DROVE,SMIRKIEST,ABRIDGER,IMPRUDENCE,STAB,COGNOMINA,,REGISTRAR,ENCODER,,,,,,,,,,,,,,,,,,,,,,,,,,,,,,,,,,,,,,,,,
,,,,,,,,,,,,,,,,,,,,,,,,,,,,,,,,,,,,,,WAFERY,WORKOUT,ARCHBISHOPS,TRANSPOLAR,,FORGO,,CHEERING,WINGING,TRANSISTOR,WOMANKIND,LEGMEN,TRANSOCEANIC,WEB,BRIGHTNESS,CHEMISMS,,,ATONES,,TORES,VERSIFIES,,DECRYING,DISBARRING,MULLAH,OVERPRODUCED,,,SPILLABLE,,HARRUMPHED,DEPARTURES,REMANUFACTURING,ASCENDING,SEMINALLY,CONDUCTING,STOPPERED,HAWKBILL,REENTER,KEY,WEENSY,DIAGRAPHS,CUSPED,EVANGELIZES,GOODBYES,GERBILS,INTERCHANGEABLY,,REMODELERS,EXALTS,GLUTAMATE,BURETTES,,LACIEST,TACKETS,CONSULTER,,SCALPEL,,,ENCROACHMENTS,REDBREAST,CONSULTATION,,,,,,,,,,,,,,,,,,,,,,,,,,,,,,,,,,,,,,,,,
,,,,,,,,,,,,,,,,,,,,,,,,,,,,,,,,,,,,,,DOWSER,CONJECTURABLE,ASSIMILATED,ROSE,STOCKY,,FAIRLY,YEOMANLY,INHUMAN,TURN,LATCHSTRING,ESPERANTO,RETRENCHMENT,HUSHED,SUBDIVIDES,,WESTERNERS,ABSORBENCIES,,COMPARED,,BREED,FRIZZIEST,UNINFLAMMABLE,WASTING,,,,NONCONTROLLABLY,CANNONBALLED,CONTRIVED,,NOZZLE,CEDES,NARCISSI,FANNER,CLASSICISM,TOPSOILING,,BRAGGIER,JAZZIEST,,STAGGERY,,ELONGATED,,,ROADS,,WHITENS,EGESTIONS,DEVELOPES,,LUMPIER,PODIATRY,WHACKIER,SIGNATARY,,NORMALIZATION,PAGEANT,FRAGRANCY,ANIMALITY,,,HETERODOXY,COUNTERWEIGHT,,,,,,,,,,,,,,,,,,,,,,,,,,,,,,,,,,,,,,,
,,,,,,,,,,,,,,,,,,,,,,,,,,,,,,,,,,,,,,SMILE,,HOARSENING,FISSION,RETIRES,FANTAST,OUCH,LENGTHEN,,,CLINGY,SHIFTING,PROMULGATED,MICROBIOTIC,,REDUCTIONS,CARBURIZES,FILINGS,DISASSEMBLY,DEFECTS,THETAS,JETTED,,CONNER,INTERCESSOR,DETECTS,,,DISAPPEARED,,EFFICIENT,,,IMPOUNDED,LATEN,DEFUZING,SWOLLEN,NABBED,NOMADICALLY,BRANDIED,,PARQUETED,POSTPONES,GODDAUGHTER,SLURS,BURWEEDS,DISSEMBLES,,HELMING,,CLEANSE,,TELEPHOTO,DYNAMIST,,DETHRONER,PRECHILLING,,NOCTAMBULATION,CHURCHMAN,GISMO,,SUCCUMB,IMPULSING,CLEAREST,FAULKNER,,,,,,,,,,,,,,,,,,,,,,,,,,,,,,,,,,,,,,,
,,,,,,,,,,,,,,,,,,,,,,,,,,,,,,,,,,,,,GRANULATOR,TRAMPLE,,,BUTTER,,INVIDIOUSNESS,,RANK,SCARLETINA,BURY,JINGO,GOLDFINCHES,STRUGGLER,APPOSABLE,ACETANILIDE,TROUBLEMAKERS,SASSAFRASES,CRIBBER,,MEEKLY,,,,,GERRYMANDERED,RESISTING,,OBLIGED,TRANSGRESSOR,DONNING,SCOOPER,,APPETIZER,,,NEARING,DAZZLINGLY,CREASING,WEATHERSTRIPPED,GEMMIEST,FRAYING,DINGLES,,MAXIS,,VELLICATION,,,,,CATALYSIS,FRAGMENTARY,,ANGIOSPERMS,TEMERITY,UPLOADS,ESCHEW,,WK,,DOROTHY,,GOGGLIEST,CLUNKED,CREEPER,TRIUMPHANTLY,PATRILINEAR,,,,,,,,,,,,,,,,,,,,,,,,,,,,,,,,,,,,,,
,,,,,,,,,,,,,,,,,,,,,,,,,,,,,,,,,,,,AMPLEST,,UNSPOTTED,PALATABLE,CRAVED,POLLER,DEPLETING,SHEAFING,ICHOROUS,CROSSPATCHES,DISNEYLAND,SPARSE,EMPTIVE,BOASTERS,ALUMINS,ORCHARDS,RESUMER,GOLEMS,,SCRIPS,VILLAGE,MODES,ENSLAVERS,COTTONWOOD,ENROLLING,CARESSED,BACKFIRING,,,ACCOUNTANTSHIP,INCOMPRESSIBILITY,,,,EXTRATERRITORIAL,INCORRIGIBLE,WITHSTOOD,,SPINNER,ALLOTTED,DROLLERY,POSITING,TRUSSER,DIGESTORS,BARONETCIES,BUNKING,JACKANAPESES,TELLERSHIP,HEARTWARMING,,PARASITIZE,PROROGUES,ALYSSUMS,OUTSPOKEN,,,SECULARIZE,,NATIONALITY,DISTICHS,PHYLAE,,IMPASSIVITY,,RESUSCITATED,HOODLUM,CLINICIAN,AIRDROP,LAZILY,,,,,,,,,,,,,,,,,,,,,,,,,,,,,,,,,,,,,,
,,,,,,,,,,,,,,,,,,,,,,,,,,,,,,,,,,,,PERKIER,PRESIDER,LEUKAEMIC,TRANSLITERATING,BLACKMAILER,HISTORICALLY,CUTOFF,REACCLIMATED,FORELANDS,PERVERTEDNESS,DEOXYRIBONUCLEIC,PLUM,PERSPIRY,,BERM,DRYPOINT,,MOOCHED,DAWNS,,,,PRETORS,INHABITRESS,HUMANIZED,VITAL,GEMS,THERMOSES,TOOLINGS,CURBINGS,DEIFYING,,CONGRESSIONALLY,GLOSSARY,,INFERIORITY,ECCLESIASTICAL,,REPULSING,SCRAGGIER,,INCONGRUITIES,ANATOMIC,METRICIZED,GUYANA,HEADWAITERS,THUNDERBOLTS,ADJURED,ASSIGNED,FLAWLESSLY,,BUMBLED,,,,,FEVERISHNESS,NARRATING,,EXCEPT,JOHNNIE,,DECOMPRESSION,,KNOTTIEST,SWEATED,CEILED,AMEBOID,DEVISABLE,IMPREGNATE,,,,,,,,,,,,,,,,,,,,,,,,,,,,,,,,,,,,,
,,,,,,,,,,,,,,,,,,,,,,,,,,,,,,,,,,,,STICKMAN,,DANIEL,UNBELIEVER,,,LYRICIZING,DEFAMING,VIALLING,,SHORTCHANGING,SALVABLY,SALEYARD,NIXY,ARGYLE,TWISTABLE,,REPEOPLES,,CLARIFIERS,DELIBERATE,,SOUTHRON,WOMANLIKE,APHORIZES,TETRAHEDRA,BACCHUS,,NOWHERE,RAPPROCHEMENT,,IRREDUCIBLY,BRAHMS,JETTISONED,,LIDDING,,COMMONALITY,,WARBLING,BURSTING,ADMISSIONS,DRUMROLL,,,,DISSUADABLE,,HYDRATING,,ABORAL,BLABBERMOUTH,BUD,TEACHINGS,,BLOCKAGES,,FOOTMARKS,SARTORIAL,WINCHING,INFINITESIMAL,THUMBTACKED,JOLLYING,,BAGWIG,FOAMIEST,UNSTEADIEST,GUIDEBOOKS,,GONDOLIER,,,,,,,,,,,,,,,,,,,,,,,,,,,,,,,,,,,,,
,,,,,,,,,,,,,,,,,,,,,,,,,,,,,,,,,,,DIVORCEMENT,FLUCTUATE,UNCORKED,,,GAINER,,,SNUFF,,HARROWED,,,TEMPERAMENT,CHROMATIC,,INVASIONS,WARMS,WIZARDRIES,FABLE,KOBOLDS,FAN,,ISLAND,,,JUXTAPOSITION,ENGIRT,MELODIST,IGNITABLE,VANDALISTIC,OVERUSED,,,DIVERGING,AFTERNOONS,INTERRACE,GONGED,WITHED,IMPOSSIBILITY,MOORINGS,READMITTING,SECRETIVENESS,OVERWORKING,,HAIRSPLITTING,TROPINS,MOBBER,REDEEMABILITY,FLAGELLUM,,,OVUM,METASTASIS,ASYLUMS,CUMMERBUNDS,CAPPY,TEDS,FEDERALIZED,TOURNIQUETS,REGRETTABLE,ADDRESSING,SICKBED,,SPECIFIED,ZETAS,RENOIR,ALLIUM,EMULATION,UNSHEATHE,HUMIDISTAT,WIDGEON,,,,,,,,,,,,,,,,,,,,,,,,,,,,,,,,,,,,
,,,,,,,,,,,,,,,,,,,,,,,,,,,,,,,,,,GRADATE,LACTOSE,DEDICATIONAL,,BEETLE,LOUP,BANALITIES,TURQUOISE,TERRORIZING,,DUMFOUNDING,PARAGRAPHING,REAPPORTION,COLLECTIBLE,DRACHMA,MESMERISM,TZIGANE,ACTINGS,EXCHEQUER,,HOVEL,,TAFFETAS,BLUENESS,OVERSLEEPS,,,,PUNGENTLY,FOGGERS,POPOVER,FOREFEELS,,LACONICALLY,SHOTTED,PLUGS,ESSAYED,,LARDED,ROOKY,OSCILLOSCOPICALLY,OVERBEARS,BEVELING,ATHELINGS,ASTROLOGICALLY,,,,VELLUM,,,MANICURE,COLLIES,,MAYBE,AXES,UNZIPS,,,PIKEMEN,,SEXLESSLY,,CODDLER,BANQUET,,UNGAINLIER,UNHEALTHFUL,LOADED,AUSPICE,SUBPOENAED,KINDERGARTEN,,,,,,,,,,,,,,,,,,,,,,,,,,,,,,,,,,,,,
,,,,,,,,,,,,,,,,,,,,,,,,,,,,,,,,,,STRATAGEM,COSIEST,DEVOICE,SHARE,KEEN,UNGUENT,,STATUARIES,HEADWAITER,CONVENIENCES,SILKSCREEN,ENCAGING,,STAMPEDED,YOWLED,DJINNS,PEDIMENT,SKETCHED,IDAHO,,FURNACES,,TAROT,SONGS,CAUSTICITY,SECULARIZES,WHOLE,PRECOOKS,COMPOSTS,TIMBERS,ANAGRAMS,AFFLUX,,SMELLING,RECAPITULATING,SHAFTED,MOURNFULNESS,SCRAWLING,NANCES,CLAMMING,,PUBERTIES,OUTRUNNING,,,,,SKETCHBOOK,CANALIZING,CLASPING,COPULATIVE,ROGUISHNESS,OVERMAGNIFIES,INHUMES,TENSIBLE,,,,APPRIZE,,BOBTAILED,PUFFIN,UNCULTURED,,,LEGATION,REPETITIOUS,,LOUDISH,,ONOMATOPOIESIS,MAO,SOCKET,HYPERACIDITY,,,,,,,,,,,,,,,,,,,,,,,,,,,,,,,,,,,
,,,,,,,,,,,,,,,,,,,,,,,,,,,,,,,,,SEGNO,,DISHONESTY,,,NONINTELLECTUALS,UNIQUES,CERULEAN,FILAREE,,,MARXISTS,,BURROWED,MISDEALING,PREBILL,,OVERGROW,WHETS,OSTRICH,EMBRASURES,EYEBALLS,MONAD,CONSIDERS,,COLORATURAS,REPINE,STRATAGEMS,,NUTPICKS,FOMENTED,VIZORS,RECIPROCATING,,CANONISE,DISAGREEMENT,REMONETIZING,BOGGLED,,,FARRIERY,SEMIPROFESSIONALS,,LIONESSES,,SIGNPOSTED,AROYNTS,,MICROSTATES,,,OK,FETTERERS,DROPOUTS,,INSPIRATIONS,SOUTHERNERS,TWANGLED,,UNINTELLIGENTLY,PARASYMPATHETIC,DANCING,ZOMBIISM,EXERCISED,,AETHERIC,,CARNAUBA,DECELERATION,AUF,UNCLASPING,,DEVOURED,CUSTOM,SCRUPLE,,,,,,,,,,,,,,,,,,,,,,,,,,,,,,,,,,,
,,,,,,,,,,,,,,,,,,,,,,,,,,,,,,,,,FINERY,SCANDALMONGER,EQUIVOCATOR,,EXTERIORLY,NAVIGATION,ODOURFUL,EYEHOOKS,SLEEKIER,,LOUSES,UNMORALITY,,INTELLECTUALLY,EXHAUSTING,STRAYING,NULLIFY,,PRIESTS,TINTYPES,,,MULLIONS,GROUNDLINGS,,INLIERS,,AERODYNAMICS,,TRINITIES,PAMPERING,,,POTTERING,DUELLIST,MIGRATED,POPPA,,,,,RECURVING,OUTSCORES,,,,TRANSMITS,IMBARKED,TANAGERS,LORDING,,,CUMBROUS,SEDUCE,WALLPAPERS,MIZENS,INHIBITS,,REPRICED,CENSORING,DITCHED,,BANISHED,RELIABLE,ABLUTION,,LOCUTION,,,UNENVIABLE,,AMEER,SUITED,DEFOLIATION,DESTRUCT,,,,,,,,,,,,,,,,,,,,,,,,,,,,,,,,,,,
,,,,,,,,,,,,,,,,,,,,,,,,,,,,,,,,FOXIEST,,POLISH,,SHAKIEST,ZEALOT,,,FRIARIES,OSTIA,OBEAH,OVERENTHUSIASTICALLY,,,MUDDLING,EMIGRATING,PROPHETICALLY,RECOUNTING,HANDING,OUTPERFORMS,RAPIDNESS,,AFFIXED,COWHANDS,STOLIDITY,LAP,JAUNT,TELETYPEWRITERS,INALTERABLE,ELECTRICS,,DIAMONDS,OUTSTARING,,TARPAPERS,SAUTERNES,,REGILDED,,,PROCREATED,GILLNET,FLOORBOARD,GARRISONING,SERIGRAPHS,PAVING,JINGLED,,LOOPY,,ASPHYXIATED,LITERATI,,BOMBLOADS,STINGRAYS,SLATS,,,,BETELNUT,REINVIGORATED,SUPERSEDURE,DEPENDENT,CONDEMNATION,TAILCOAT,CASQUE,INVOICED,DEIFIES,IMPASSIONATE,LIENEE,,BUSIES,SHRINKER,SHOVE,COAL,,,,,,,,,,,,,,,,,,,,,,,,,,,,,,,,,,,,
,,,,,,,,,,,,,,,,,,,,,,,,,,,,,,,,PRECONTRIVE,KLEPTOMANIA,BARONIES,TIMIDITIES,HEROICAL,BILABIAL,BEREAVES,CAPITULATION,EXHIBITION,CATATONIA,REVERSIONARY,,ASSOCIATIONS,TEXTUARIES,ABEYANCIES,,,ILLOGICALLY,,CAROLINA,,DISTRACTING,EARTHWORMS,IAMBS,,RECTANGULARLY,OVERFLOWN,TRADE,KATHARTIC,REINVESTIGATIONS,DELICTI,MARSES,FLINGERS,TOM,,HOMEMADE,,COARSENS,,,BAYONETING,,METALLURGIC,PREBLESSING,KIDDERS,,FITTEST,TATTED,METALLIC,TROWELED,,,,CASSITERITE,,,INATTENTIVELY,LIKABILITY,OBSOLETING,SLATTERNLY,TOPOGRAPHICALLY,,DUCKS,,,,NONINJURIOUSLY,,VOGUISH,,ALBANIA,UNSEW,VACCINEE,LONGSTANDING,,,STRANGER,YONKER,,,,,,,,,,,,,,,,,,,,,,,,,,,,,,,,,
,,,,,,,,,,,,,,,,,,,,,,,,,,,,,,,WORLDBEATER,ANAPEST,POKEWEED,,OUTAGES,CREASIER,,,,,,VAMOOSES,CINEREAL,COUPE,AVAILABILITY,ALBEIT,,BUDS,SMALLEST,BOARDWALK,PILE,USHERETTE,DERAT,,,APOCALYPSE,VIRTUOUSLY,DAMNABILITY,,,ABSTRUSE,,INFLATION,BOARDS,,,,STIMULATION,SEMAPHORES,,GLOSSARIAL,,,CULLIED,MASSACRED,,,GLASSED,SHOJIS,,COPOLYMERIZING,DEPOSITORS,CULLER,PROFESSIONALLY,CONATIVE,,REPROBED,BURGLED,BOSTONIAN,PLANNED,INTERFERTILE,,,CODEINES,OVERLAIN,SHOPMAN,OLDIES,,,BELIEVED,,VEEP,,APOGEES,,INQUIETUDE,REMAIL,CORNSTALK,,,,,,,,,,,,,,,,,,,,,,,,,,,,,,,,,,
,,,,,,,,,,,,,,,,,,,,,,,,,,,,,,,QUANTAL,PERVASIVE,USEABLY,PRECAUTIONS,UNANSWERED,SENSUALIZATION,GUAR,,,MOOLA,IDIOM,OBLIQUE,UNESCAPABLE,IMMEDIATE,AESOPIAN,OBLIGATION,UNCONDITIONAL,REATTAIN,SONNET,LUMBERED,,DENTALLY,,PROLIX,,NONATHLETIC,GHOSTWRITERS,,,,LUCRATIVENESS,MORDENTS,HUSBANDER,STRANGLINGS,INTERWOVE,,GROAN,CONTRA,ADMIRABLY,EXSERTS,GIRTS,SINEWING,,ATTESTATION,BATTLING,,THIAMINES,,TUBBABLE,,,,PEACOCKING,,NARCISSUSES,INKS,BUCKTEETH,BACKSPACE,,,VERNALLY,MACAWS,BEAUTIES,SHAMABLE,WEAL,INSTITUTIONALIZATION,ANESTHESIA,WAIF,AMIABLE,ANTIHERO,FAUT,VEERIES,RESEALED,,,UNOBSERVANT,QUESTIONABLENESS,,PREFABRICATION,CONSCRIPT,,,,,,,,,,,,,,,,,,,,,,,,,,,,,,,,
,,,,,,,,,,,,,,,,,,,,,,,,,,,,,,SPONGIEST,,,LOOK,UNINITIATED,,CONSCIENCE,QUEENLIER,BELIEVER,HIERATIC,AVOID,QUEENING,WORMISH,CONFIGURATIVE,UNFILTERED,ARCANA,STEELIER,ETRURIA,NEONATE,,BESPANGLED,,UPHOLSTERERS,KNEELERS,,,DEFLATES,VOTABLE,BLESS,ORBITERS,LEGITIMIZED,,,PAGES,,SATIRIZER,,REVINDICATES,VOLUMETRIC,REFUTABILITY,NAVAL,,STINTED,GANDERED,,BLOODSTAIN,COMPUTERIZED,DIPLOMATISTS,INTERROGATION,PAIRINGS,BLOODING,HAUGHTINESS,,WHITTER,REJOICING,EXTERRITORIALITY,,CHITTIES,VOLUNTEER,PIDDLER,BISCUIT,PUBLICIZING,IMPRECISION,INCOGNIZANT,,UNCAP,BEDAUB,,,WOEFUL,LAITIES,LIVELIHOOD,,,EMBROIDERIES,UNRECOGNIZABLY,LEER,LIMIER,,INTERACT,MONUMENT,,,,,,,,,,,,,,,,,,,,,,,,,,,,,,,,
,,,,,,,,,,,,,,,,,,,,,,,,,,,,,,SPADEWORK,,ORANGISH,DELIQUESCE,GOONIES,,,,LAMBIE,EMERIES,,,,ACIDHEAD,EXISTENT,OVERCAME,MOUSSAKA,UNPUBLISHED,BEHEMOTH,,CORRESPONDING,,CRATES,ADOPTS,LIMBERLY,ORDINANCES,COSEYS,,HUMMINGBIRDS,MOONCALF,DEGUMMING,CRUMPED,TWEEDIEST,,,FALSIFIERS,DIARISTS,,,,ELEVON,REMILITARIZED,MANNERISM,OUTCLASSING,,,GUSHED,,REATTEMPTING,POSTULATED,FREELANCE,RACKED,,,UNSADDLING,RABBIT,SACKCLOTHED,,CIVILLY,TACTLESSLY,,GRUBBER,THOUING,,SOCIALIZATION,AMPOULE,,,CREMATORIUM,,UNDERSTUDIED,PRECONSULTATIONS,NAIADES,UPBEARER,PEASHOOTER,UNANSWERABLE,EXTRAVEHICULAR,OVERSHOT,ANIMOSITIES,TATOO,INWARDLY,OYSTERWOMEN,,,,,,,,,,,,,,,,,,,,,,,,,,,,,,,
,,,,,,,,,,,,,,,,,,,,,,,,,,,,,LOGILY,MICROTOMY,,UNTRUSTWORTHY,,,,ADVISORIES,,BUOYAGES,BEEVES,COPULATION,SHINE,QUEASILY,NONABSORBENT,,,QUERIES,THERMOSPHERE,MAGISTERIALLY,DEACIDIFYING,,SITUATING,,,CYSTITIS,,AIGRETS,COMEUPPANCE,ASSAILMENT,BEANING,MANICALLY,JUSTIFYING,RANTING,,,PIFFLED,ORDINALS,GOVERNABLENESS,SATYRIASIS,LUCRES,JUSTICE,,PUPS,FUSSILY,BRANDISHED,PUCKERING,NORMED,UTILIZER,,,RUBBERIZING,,,,SAPWOOD,,,TWITCHERS,,,,TOBACCO,COUNSELLABLE,TRANSCENDENCE,SQUIRREL,,,IMMODERATION,,REALIZES,RATION,CONDONING,SEQUENTIAL,,OPERATIONS,APERIES,UNLEASH,,,,KNACKER,THROMBI,,,,,,,,,,,,,,,,,,,,,,,,,,,,,,,
,,,,,,,,,,,,,,,,,,,,,,,,,,,,,REPLICATE,SCROTA,,POOL,EVERMORE,CANONIZATION,REGISTRARSHIP,,UMBRAL,VAIN,OOLOGY,UNAPT,,IMMOTILE,,,CARTOGRAPHER,,BEADWORK,SUPPORTING,BENEDICTION,,,IMPEACHERS,,JUSTIFIERS,,PRETENCES,CONES,REENTRANT,CAPTURED,,IMPINGED,FROWNED,,PREVARICATING,ITEMS,,PALENESS,,PELAGE,INDIGOS,MALCONTENTS,,PINNATE,,ROCOCO,OVERFURNISHED,MAGI,,INTREATING,INCULCATING,LOLLING,KNEECAP,,,,STREPTOCOCCIC,PATRIMONIAL,HINTING,CAPTIVATES,ALLUDING,ADUMBRATED,,BRICKYARD,,WILTED,,CURIUM,,INDIGO,,,ECRU,UNHUMAN,,TRADERSHIP,UKES,ALKALINITIES,SPOONIES,,BEAKLIKE,EMBOWER,CREPUSCULAR,,,,,,,,,,,,,,,,,,,,,,,,,,,,,,
,,,,,,,,,,,,,,,,,,,,,,,,,,,,GRATIN,FOLKSIER,EINSTEIN,,SEIGE,IGUANA,BOUFFE,,APEEK,EQUALISING,KOOKIEST,IDEO,AERONAUTICAL,SAVORIES,REAPPEARED,CENOZOIC,ENORMOUSNESS,,READOPTED,REPULSED,BIOPTIC,SAVORING,,,,ADMINISTERINGS,MAIDENS,COCOONS,SKALDS,CLEARED,,WHEELING,,PROSELYTED,CORTICALLY,,,VACCINATING,SLUGGED,EMENDATING,ABSCESSED,,,,,DESCENDING,CUMMERBUND,MULLS,,FLUTISTS,MUSLINS,EVENTIDES,GRITTING,HONEYMOONER,,,SMATTER,REENFORCED,IMMERSIONS,JUSTEST,BASH,ENCUMBRANCER,FLOORINGS,FORSOOTH,TRANSMIGRATING,ATTESTANT,FINISHING,ROENTGENOSCOPE,INHERITING,,NONVIOLATION,,ELASTICIZE,GLAMOUROUS,,YEARBOOK,PENNAE,DEEM,NONCUMULATIVE,,,,GREGARIOUS,TRUCE,,,,,,,,,,,,,,,,,,,,,,,,,,,,,,,
,,,,,,,,,,,,,,,,,,,,,,,,,,,,INSIDER,,INTELLECTUALIZATIONS,UNRULED,OVERENTHUSIASTIC,PHOTOCATALYST,EQUIVOCACY,ORIELS,ULNAR,VERIFIES,BABIED,BILATERALITIES,NONVIRULENT,LEAVER,SEIGNORAGE,SUPERSTITIOUSLY,,,CUDDLE,RESTAFF,SCOTTIE,JABBERED,RELIANTLY,THRU,ARCHITECTURE,SURFEITS,PRESERVATIONS,VEINERS,VIEWS,CONCILIATED,,BULLYRAG,SENTRIED,PUNTING,,,,GAZETTING,,,FRIZZLED,THALLOPHYTE,,,PUFFILY,BUDGING,BLOSSOMY,TEAZELS,,LEAPERS,BROOKLYN,MISTREATED,,SUTTA,,SPECKING,,,DEKALITER,AZIMUTH,CHASTEST,TOMCAT,APTERYX,DACTYLUS,PANGED,LASSOED,INDEMNIFICATION,,PRIMORDIALLY,OVERTRAINED,FLOURISH,TERRITORIALIZE,SNOOPIER,DIRECTORSHIP,,ELEVATION,UNSTRAP,AMOEBIC,,ROUTEWAY,,BIWEEKLIES,,,,SOLIDARITY,,,,,,,,,,,,,,,,,,,,,,,,,,,,,
,,,,,,,,,,,,,,,,,,,,,,,,,,,RUMPLIEST,PLURALISM,HOMOGENIZATION,,SHRUNKEN,,REFREEZE,JAUNDICE,,APPRECIATION,UNREPORTED,,PITHECANTHROPUS,,ACME,,,,LAUNDERING,REFREEZING,GLAMORIZED,,CHUFFS,SICKLE,CELIBACY,,UNCOMMONER,,CUSCUS,,,CONVICTING,DANDLES,,THINNED,,BEFOOLS,,INTERCALATING,SEQUESTRATING,CONJURING,,PATELLA,SNOWSHOED,TRANSCRIBERS,,MERRINESS,SEXISTS,,,ROUGHHEWING,RHAPSODICALLY,,TINNIEST,FEEBLEMINDEDLY,CHEEKILY,RESONATING,ECCLESIASTICS,DISGRACING,ELAPSED,ROENTGEN,TANTALIZE,SKIP,LINSEY,FRANC,VATS,,RESPONSIBILITY,SCURRILOUSLY,,BARCAROLE,,,,UNREALISTIC,INADEQUATE,INCOMPUTABLE,,GADOLINIUM,TABOURET,SONORITIES,GAIT,HEATABLE,AIRMOBILE,COAT,,,,,,,,,,,,,,,,,,,,,,,,,,,,,,,
,,,,,,,,,,,,,,,,,,,,,,,,,,,REPRICE,DORMICE,GOITRE,UNDRAMATIC,SQUEALER,COWRIE,,RADIAL,,,,LATISH,,,SHOWPIECE,,BRUTELY,UNFREEZING,HARPED,PRECELEBRATION,REINTERPRETATIONS,PENEPLAIN,,MILKING,COPYIST,,EXPLODERS,DISTRESSFUL,,ROUGHAGES,,OPPORTUNITY,HEDONICALLY,PREPACKED,,INDWELL,CUMBERING,ATOMISING,COROLLARY,BIRDLIME,,,QUITTING,FRAZZLING,FLUKING,OUTFIELDS,GROGGINESS,PRATFALLS,NATURE,,,,DEFUSES,,,LAPDOGS,DURABLENESS,LENGTHENS,OPTICALLY,KIBBUTZ,,,REPRISE,TANK,,,OVERSTOCK,MARROWBONE,,,BOARDER,,,,VALUES,ARMOIRES,,CONTINENTAL,INSIGNIA,,,REACQUIRED,REEQUIPS,EXIGUITIES,AUDIBILITY,,POSTILION,DOMINICK,,,,,,,,,,,,,,,,,,,,,,,,,,,,
,,,,,,,,,,,,,,,,,,,,,,,,,,PEREMPTION,SIZEABLY,,EPICUREANS,INANITIES,MAMMAE,ALLIANCE,,BREEZE,GAUZIEST,,CONTENDING,AUTUMN,PHOOEY,CABOB,,BUNKERAGE,BANKABLE,,OFFICER,,PLACATION,DARTED,ACHIEVING,,STRAIN,MATCHLESS,DESERVES,BAKSHEESH,SPLENITISES,,EMBELLISHERS,,INFECTED,NAILSETS,COMMODITY,REBUTTABLY,,ARRESTED,,,BETTAS,MILS,YIPPING,,,TABORETS,DEVITALIZED,CANKERWORM,ESTRANGES,,SHEAVES,BRIDALLY,INCISIVENESS,UNCLOSES,,HADJIS,PALEFACE,CARRY,,WHITHERSOEVER,DITTOES,,ATTESTORS,BEWITCHES,CHATEAUS,TYPHOID,,EXITED,IMMENSITY,BAGGIEST,,BATHE,MORDANTING,CONVICTED,UNDENIABLY,CALCAREOUS,FOREHOOF,RIBONUCLEOTIDE,NEOPHOBIA,,TRANSFERER,,ULTRACENTRIFUGE,PHOEBE,GARDENIA,,NEUROTOXICITY,TRUNCATE,,,,,,,,,,,,,,,,,,,,,,,,,,,,
,,,,,,,,,,,,,,,,,,,,,,,,,,FORGATHER,,EQUALLED,,JOUNCIER,,EXTINGUISH,,INCURIOUS,,INHIBITIVE,,MURIATIC,UNPRONOUNCEABLE,,PREMIERED,CREVASSING,,,,,TUCKET,CONTRIBUTORY,TYPIC,,MASK,CHOKED,PUDDLIER,GRAVELLED,SUPPLY,SWEETHEART,SHAWLED,SURPRISING,,,STANNUM,UNAPPARENT,,,,SNORKELED,INOFFENSIVELY,,AFFLUXES,SCENERIES,,HANDSTANDS,,,TECHNOCRACY,PHANTASMAGORIES,PLONKED,IMPERILS,,OWNS,CANONIZED,,NEWSREEL,AUTOPSYING,,HONEYING,LEACHES,,JOKED,DOWNPOURS,TRIGRAPHS,DAISY,MIASM,SOUTHWARD,PRACTITIONERS,GLOSSER,,BASEBOARD,BEDRAGGLE,,TAX,,UNMAGNIFIED,AUTUMNAL,,INHIBITION,,,MATURATION,,,MAGGIE,NANNIE,LIVERYMEN,,,,,,,,,,,,,,,,,,,,,,,,,,,,
,,,,,,,,,,,,,,,,,,,,,,,,,,ALIMENT,INRUSH,,,LUXURIATED,UNFORTUNATELY,IDEALITIES,,EMULSIFIER,SUIT,,,,CONVERSED,ADAPTABLE,EMERGENCY,ADMINISTRATING,,,ESCHEWERS,FUMY,,FLYMAN,HENCHMAN,GROWN,,UNEDITED,,PONDWEED,,,COLLEGE,DEPRESSIVE,,BASEST,,BUSTING,,,,,STATIONING,FOPPERY,BABUSHKAS,TORMENTORS,UPRIGHTNESS,,SKYLARKS,SAWER,TINSMITHS,INTERS,,OBELI,CARDOONS,,,OVERFLOWED,INHIBITED,SLEEK,BATHYSPHERE,,KINGLIEST,,,SUBRULES,,CHALCEDONIC,PISTIL,SMOCK,PUNDIT,RENTS,,HEILING,BOULDERY,,CASCADING,GOBBLER,MAINE,UNDERWAY,YESHIVAH,,,CONTAINERIZE,,TEACAKES,ENCRUSTATION,UMBER,,LAWMEN,PROPINQUITY,,,,,,,,,,,,,,,,,,,,,,,,,,,
,,,,,,,,,,,,,,,,,,,,,,,,,HORNIER,MICROCOMPUTER,AREA,,ASEXUALITY,CADUCIARIES,DEMOLITION,EXTORT,GASEOUS,AIRHEAD,,,SUBMISSIONS,,,COLLUVIAL,,DEMOCRATICALLY,,CLUB,GONDOLA,NIGHT,SOLVENTLY,BULGUR,DUSTBIN,MYSTICISM,TEABOWL,CHIROGRAPHIC,VOLUNTEERING,DEWLAPPED,,GUTTURAL,,,PREADAPTING,,DIFFRACTION,,PRACTICALLY,,,UNREMITTINGLY,,RAFTERS,CALENDARS,WINDOWS,,DISPUTATIONS,GRANDDADS,SECTS,,NEONS,,,LASAGNES,MUEZZIN,,,FERMENTED,,EMBEZZLES,ACRIMONY,OILPAPERS,FOOTROPES,,BLANKNESS,,NIGHTFALLS,HERITABLY,MINTIEST,LIGHTLY,,SURVEYORS,PRESOAKED,HOAXING,,,BRIEF,SANDALLING,,EXHAUSTIVE,,ASPERITIES,PITIED,HEEHAW,,,PERIODONTIA,,STEALTHIEST,WHORESON,VAMPIRISM,,,,,,,,,,,,,,,,,,,,,,,,,,
,,,,,,,,,,,,,,,,,,,,,,,,,,,,PEDAGOGUE,DIVINITIES,,EXPATRIATE,INSINUATOR,INGRATIATE,,,PERSUADE,,,,,REDEMONSTRATED,,GAZPACHO,DEACTIVATED,GAUNTLET,JILTING,CHOREOGRAPHICALLY,,,RUSTLINGLY,,RHYMES,TIFFINS,,,,PATRONESSES,BEDEVILLED,,,,CANDIED,PEPPERED,OVERFED,FUMIGATING,,HOMERIC,STRENGTHS,FIRESIDE,GINKGOES,,ANTHERAL,,PECUNIARILY,DICKENSES,PUSHES,,,REINSURING,ADSORBED,INFILTRATION,,,SERAGLIOS,DISTINCTIONS,,REMARKS,RESTAMPING,CAROUSALS,AERIFYING,MATCHERS,,CHEMOTHERAPEUTICNESS,ENGLOBE,,,,BIPODS,,CLASSED,,,BEHAVIORISM,HANDSPRING,,,CONVENTIONALIZED,NONPREJUDICIALLY,IRONWORKER,COALITIONIST,,AUTOGENESIS,ANNEXION,JOCOSE,,,,,,,,,,,,,,,,,,,,,,,,,,,,
,,,,,,,,,,,,,,,,,,,,,,,,CREAMILY,DECLARATORY,TITRATED,FLUORIDATE,LAUREL,,MELEES,,EQUATES,UNALARMED,IMPAIRED,,BLUFF,,AMALGAM,DRIBBED,EVANESCENTLY,,GLITZY,OXYGENATE,SLOUGHY,,CATECHISMS,,,CHECKS,SNOWBANKS,,DOMESTICATES,GUITARS,QUADRILLIONS,REGAL,FELUCCAS,,,PURSUED,HARVESTING,DECRESCENDOS,LAB,,PUNITIVE,SANDBOXES,,,NAPLESS,INEPT,CAISSONS,WRISTDROP,,ADVENTURESS,,CONCEPTIONS,MOTTLED,,INVINCIBILITY,BLOUSON,CONDESCENDENCE,BULLFIGHTING,,SELFDOMS,,,,,,EXTRADOSES,SPECIALIZATIONS,,,ARCHITECTONICS,ARCHNESS,,SANDIEST,ELDEST,LAMBENTLY,SPORTSCAST,RENEWING,BLOOD,,,,WRIGGLE,APOTHEOSIS,AVIANIZED,FADEAWAY,DIALOGUING,OVERINDUSTRIALIZING,,TRANSPORTATION,,,,,INDEMNITOR,,,,,,,,,,,,,,,,,,,,,,,,,
,,,,,,,,,,,,,,,,,,,,,,,REDBIRD,,,BLUECOAT,UNDISCLOSED,REVIEWER,BADDIE,POILU,OVERCAUTIOUSLY,MOUTHWASH,,,FOREWARNING,BREAKDOWN,SYSTEMATIZING,SLOGGER,ENFORCEMENT,PATHS,,WHAM,,,,DEMARCHE,SUBMITTER,FREEZED,SNOWED,STRADDLING,,LITTEN,AXEMEN,DEFLAGRATION,,CANEWARES,,KALPAS,EXCISIONS,RECUSANTS,COLANDERS,HOMELIKE,LIBERATORS,MASSY,,,RECUMBENT,EXECRATIONS,ABODING,BLOTCHIER,METALWORK,,EVOKE,STOCKJOBBER,REMILITARIZING,PARRICIDAL,,MISGIVING,REARREST,ZESTFULLY,HUMPS,CLEANUPS,,,,,,,FLAPPIEST,,,SMOCKED,,CHEQUERED,STOMACHICALLY,NEXT,,MARCHER,,SERVILITY,ASCRIBED,FINALIZING,MANGLED,ESCARPED,REEDUCATING,BUOYANTLY,UNBURDEN,UPHEAVAL,UNGOVERNED,GEORGIA,OUTRAGES,UPSIDE,,,,JERKIEST,,,,,,,,,,,,,,,,,,,,,,,,,,
,,,,,,,,,,,,,,,,,,,,,,,,CROFTER,ONOMATOPOEIA,ENDURO,,LIQUIDATION,COUNTERREVOLUTIONARY,FUZEE,,,,,FLOCKED,,,,,RECOGNITORY,,VERSATILELY,,OVERVIOLENT,HYDE,MUSCULAR,,FETCHED,,ENTIRES,ROBOTIZING,SHRIMPED,ROOMERS,,GNOMIC,,,PULSATIONS,CONDUITS,EMOTE,,RECALCITRANCES,SENECAS,,GOWNSMEN,CHANNEL,ACERBITY,,,FIBERED,PALER,,,JERSEYED,,HETEROGENEOUSLY,,,,SYRIA,OPEN,OGRESSES,TETRAS,,TUMULTUS,SALUBRITIES,TIGERS,BOTTOM,,RESTUFFS,CASQUED,UNDERCARRIAGES,FIDOS,,LIVABLE,LUST,RESIDENCY,,DISCOURSER,PREMEDICAL,PRETERNATURAL,,METHODOLOGICAL,ADAPTING,MISDIRECTING,DRILLER,CIRCULATED,STOREHOUSE,APIARIES,IODIZED,,TRIUNITIES,VIVARIUM,EON,,HOUSECLEANING,PULPILY,FRAGRANCE,,,,,,,,,,,,,,,,,,,,,,,,
,,,,,,,,,,,,,,,,,,,,,,SACROLUMBAR,PHOTOMETRY,SPONSORSHIP,,DESIGNEE,,GUARANTEED,,OUTTAKES,IDENTIFIER,QUOTHA,MISINFORMED,IMPENDED,ANALOGICALLY,CRITIQUING,PREARRANGEMENT,RUSHED,COMPLETER,,SCRATCHIEST,DECREASED,ACKNOWLEDGER,TENEMENT,,,LEARNER,,TINNINESS,,,,SENSITIZING,,GRACE,MELANGE,,CHOWING,,,,POLOIST,REIMBURSES,FATHERLY,NUDNIK,TRANSFERABILITY,IMPLOSIVE,FLATULENCY,,CONSTRICTING,ENLARGEMENT,UNPALATABLE,GHOSTED,,,CARBONIZING,JUTS,,UPSWELLS,ANTINOMIANS,RANGERS,SCURRIES,DILAPIDATED,QUARRIERS,PRAYED,,,NOBELIUMS,MALINGERERS,ENVIOUSNESS,DISTASTING,NULLIFIES,MEADS,GHOST,,,FRONTIER,,,CHOKY,ROUST,UNDECLARED,,,BATTIER,BEGGING,CRITICALITY,,FORLORNER,AERIES,PRECONDEMNING,GLACIATE,LEGIONARIES,EXTREMISM,TRAVOISE,,,COMFIT,,,,,,,,,,,,,,,,,,,,,,,,
,,,,,,,,,,,,,,,,,,,,,,MONTEREY,CONFIDENTLY,FURNISH,SPECULATION,,EXCUSER,,TROUSSEAU,SHRAPNEL,,,CANNIBALISM,SHOPPED,MISINTERPRETED,FILIBUSTERED,,,JAUNTIEST,,WINGLET,DEMOCRATIZED,JUMBUCK,,TRICKISH,SKIMPIEST,CURDY,OBFUSCATOR,SHANK,LYCHEE,INDUSTRIALLY,,SUBTRACTS,ASPHYXIANT,DECORATIVELY,MYASTHENIA,,FUNFAIR,BUMMERS,PINOCLE,WICKIUP,,DISLOCATION,CONSENT,QUIETLY,GERMANE,NECROTIC,HYPOTENSIVE,HINGE,CASEHARDENING,,,FRITTED,HAG,,,MISDIAGNOSIS,,CURRANTS,HOCKERS,,,WARHEADS,WALLA,,EARLINESS,AGGRANDIZED,BEADLES,CAPRIOLES,,VERSUS,MARINE,DEFACES,ARTERIOSCLEROSIS,,,GOLEM,CITRIC,COGNISANCE,CLIPT,FORKER,MYSTICLY,,ALLOW,,REBUTTED,QUIRTED,SALVAGEABLE,PATHOLOGICALLY,,NONEDUCATIONAL,EASTERLIES,DISCOUNTABLE,FILAREES,SIMIAN,MISAIMED,FOOTED,LYMPHOCYTE,,,,,,,,,,,,,,,,,,,,,,,,
,,,,,,,,,,,,,,,,,,,,,,DOGMATICAL,,,RAIDER,,,BANDEAU,EFFICACIES,PROGRAMER,,OFFICIOUSLY,RUBBERNECK,REDISCOUNTED,PROPHESIED,BALINESE,CHATTIEST,SALUBRITY,,CHASES,GHAT,PREDICTIVE,BUCK,NONTAXABLE,HOCK,SLOUCHINGLY,STICKLING,INSTIGATE,SPOTLIGHT,SUBCHAPTER,,APOTHEGMS,TREADLER,,VARMENT,PROTOPLASMIC,FINGER,DOMESTICATE,ORANG,,,FALTERER,CAPRICE,,SANDBLASTER,WINDSOCK,,,,,,INDIUMS,FOREBYE,RIDGE,VINTAGE,BURBLERS,,,RIDERS,,,,EXAMINED,,PARTAKING,,SWOONS,HELIOTROPICALLY,OPTIMUMS,EMBEDDING,,TIECLASPS,,,DAMNERS,VERISIMILITUDE,MYSTICALLY,,CHEAPS,,INFANTRY,SKIT,GRANDAME,SCARLET,SEMIPROFESSIONAL,ATAXIC,BLUNDER,DEGASSING,VISCEROMOTOR,UNSURPRISED,ADRENALINE,UNRELIABLY,SINFONIA,LEGITS,,GEAR,,SCURFIEST,INELUCTABLE,,,,,,,,,,,,,,,,,,,,,,,
,,,,,,,,,,,,,,,,,,,,,COPLANAR,PATRICIDAL,HUE,,,TRANSMUTATION,NEUROTOXIN,,,UNTRUSTFUL,BLOWSIEST,,,BLISTERY,GEMINATED,TABLEWARE,CATALEPTIC,DATIVELY,,HADRONIC,SABRA,,,MERCHANT,FBI,HYPOCRITIC,ASTRAY,,,GERONTOTHERAPIES,LOCATIVES,PULITZER,PRELIMINARY,SANITARY,GRANITE,CENTRALITY,LINKBOY,WASPILY,NONZERO,MUSCULARITY,OVERSAW,COMPLEXEST,HINDU,LEVITY,ENGINERY,VARIETY,,,REBAPTISM,,FRAUDULENCE,CONTEMNER,,,TRICKSTERS,,RECALCULATES,PLAIDS,DECORATIVENESS,,QUARTICS,,TEAKWOODS,LOBES,WOODWORMS,,ITERATIVE,MANDAMUS,INCORRUPTED,HYMNBOOKS,,,,,REVOKERS,GROSSERS,GAGS,REBEC,FRONTALS,CYCLERS,CHAW,AGENDUM,BLOWZY,WRITABLE,,,PURLOINING,PHOTOMICROGRAPHY,QUADRUPED,MANIPULABILITY,EMBOWELING,NAUT,,,COELENTERATE,UNTIE,,STATIST,DECAGRAM,,,,,,,,,,,,,,,,,,,,,,,
,,,,,,,,,,,,,,,,,,,,FORECLOSE,DOILY,REAPED,BIRACIAL,,EVITABLE,EXHIBIT,EONIAN,SCOUNDRELLY,OUTSTAYING,JUNKETEER,LIGHTERED,,,CUSPS,,SONGSTER,ROENTGENOMETER,,JERKY,MOLDIER,PRESENTLY,DRIVEL,,RETROACTIVE,LAYMAN,COMPARE,STALKY,,ACRYLIC,,PAPER,MEMENTO,,,AFTERWARD,STRIDENCY,ALARMISM,DEMOTIST,PLACENTAE,CROUTON,FLOPOVER,NUTRITIONAL,FOREKNOWN,,,TENANTABLE,,SPECTACULAR,KELVIN,,SPORE,CAJOLEMENT,KVETCHED,FARCIES,,MARITAL,BOOTBLACKS,TOOTHPASTES,ABOVE,CAKE,TELEPORTS,,,,MUMMIES,,PALLBEARERS,,MORPHS,UFOS,COLLECTS,,SUBJUGATORS,NOMINATED,HUMANENESS,JIVES,WIMBLES,KINSHIPS,,,,,,CIRCULATORY,DUCK,,,AMARANTHINE,OSCILLATOR,,EXCRETED,OVERPOWERED,,SHOO,,GUIDELINE,UNPROPORTIONATE,HOUSETOP,,THEISTIC,,,,,,,,,,,,,,,,,,,,,,
,,,,,,,,,,,,,,,,,,,,FUDGE,DAUGHTERLY,OVERSTIMULATION,,,HAMPSHIREMAN,SQUEAKED,NONCONVERTIBLE,SOMATOLOGY,LASAGNA,WADDER,KENNED,BLUEBEARD,,TUFT,FLATCAR,SCALE,PLASMA,,HENRY,REMATCHES,,PARLEYER,CHAMMIES,THEFT,ARTIST,RESORTER,,,BEACHHEADS,THROWBACK,ADJOURN,GUTLIKE,FLUIDLY,CONGA,EMITTER,PRESBYOPIA,ABSORPTIVE,EVIDENTLY,COLIFORM,,DILIGENTLY,SEMIFORMAL,FENCEPOST,SP,SCAPULAR,FLOWERY,GARBLE,WHODUNIT,OVATELY,IMPERTINENT,,RECONTRACT,SUBINDICES,CALLS,SIGILS,,,,EFFRONTERIES,MANIPULATIONS,RECOMMIT,ZODIACS,,LOWDOWNS,,CERTIFICATIONS,WORSHIPS,,COMPANIONWAYS,THEOLOGS,ARTICULATED,,ELEEMOSYNARY,MOTORCYCLISTS,GIRTHS,OVERESTIMATIONS,ENLIGHTENERS,,,,,DEODORANTS,FRATS,,STOCKBROKER,CONCISER,,REASSIGNING,ABDICATING,,QUISLING,EVANESCED,MARRIAGEABILITY,,,,,,ROMEO,CONGER,,,,,,,,,,,,,,,,,,,,,,
,,,,,,,,,,,,,,,,,,,LIEFEST,SOMNAMBULATION,CADUCEI,QUIDDITIES,SERIALIZES,,,,,NATTIER,INTERSESSION,,QUITTANCE,SHUFFLES,EUCHRING,,,SYNOD,,BENDED,OPERABLY,,TOUGHLY,HEYDEY,CHAFFIEST,,DERMATOLOGY,,TRUCKER,,ENZYMES,,CHIPPED,GARGLER,,HEATSTROKE,STUPOR,MILKMEN,WONDERFUL,ABDUCTION,OSTENSIBLE,COPULATORY,CONTRACEPTION,WESTWARD,IMPRECATION,,,HANDSFUL,LITANY,MOTORMEN,VOICEPRINT,ITINERANT,DENDROLOGICAL,DIBBLERS,,SOWING,,ARISTOCRATS,ATTICS,LATISSIMI,WORMWOODS,,STUFF,PROSECUTORS,,,,RAPPING,,SIRE,ACQUAINTS,,REACCREDIT,PAYMENTS,,BOUNCES,,DISSERT,GRENADES,TEAKS,,TOGO,,,,,SKIVVIES,FORTHRIGHTLY,INCURVE,,RESUMMON,BRIEFEST,,,BAMBINO,SPEEDWELL,UNCURLING,,,BUGHOUSE,ANDESITE,,NOMADISM,,,,,,,,,,,,,,,,,,,,,
,,,,,,,,,,,,,,,,,,,,THEATER,VIOLET,MESHWORK,UNDERSTATE,EVOLUTION,,,BLACKTHORN,GROSSEST,ALIMENTED,,TAMPED,HOTLY,ACTUARY,RECYCLE,DIGESTOR,,DIRECTION,REDISCOVER,CHAPERONS,OXBOW,,,,DESPISED,PSYCHOSYNTHESIS,INSTRUMENTARY,,CARBO,COMPETE,MISCEGENATION,EMPLOYS,,,ENJOYER,,,RIDICULOUSLY,,INTERPOL,,HYGEIST,,,OBSCUREST,NOTABILITY,PREPOSITIONAL,SUPERBER,THOROUGHFARE,INCLEMENCY,BUCKEROOS,CARDERS,,,DECODINGS,,,UNBLESSEDNESS,RACEMES,,,SHAGBARKS,LIGNITES,,TREADS,DOLLIES,CORKED,ENROLLERS,,,NARROWER,INCITES,USE,VENIREMEN,,VALENCES,,,FIREWATER,MANIFOLDNESS,DINGBATS,RECONSOLIDATIONS,SUBJECTIVENESS,,,,,ANACHRONISTICAL,JOCUND,DRUNKARD,,LAICIZING,,,BAGPIPE,BELITTLED,LAUREATED,MOUSEY,THEORIZE,UNKNOWABLE,NOSIER,,PROPHESIER,,,,,,,,,,,,,,,,,,,,
,,,,,,,,,,,,,,,,,,ACIDULOUSLY,,,ADVENTITIOUSNESS,MAGISTRATESHIP,,FLOSSIES,,GLEANED,RENEWABLE,VISAING,BOUSY,SHORTCHANGES,PRIMROSE,HORSEPLAYER,,SECRECY,NOTIFY,CHINNED,FLENSER,NTH,SULK,WAUGH,,CHESSMAN,,SELECTION,ETYM,SNICKERY,EVERTORS,RULER,,DARKENER,BIENNIALS,ASYMPTOTE,PENULTIMATE,,LIFEGUARD,,LANTERN,KNUCKLER,SAINTLIEST,MILKSOP,MATRILINEAL,DRIBLET,JACKSCREW,FROGMAN,SUPERMAN,,SIDELINER,SADDLERIES,PECCARIES,SUITINGS,DISAPPOINTS,CLAMORED,,COMMIXT,HIS,REARMED,HEALTHINESS,AMARYLLIS,PROLIFERATIONS,,HUMMOCKS,BOSSINESS,POTENCES,,RESISTS,BELONGING,BREAKINGS,INVOLVEMENTS,,CLONED,REGARDLESS,PUZZLE,LOGWAYS,DUSTMEN,EFTS,PALLID,FALSITIES,DEFAMER,ADJECTIVES,DEVELOPS,ASBESTOS,STUTTERERS,,EXPOSITS,,USUALNESS,FLOATS,CHIMERICAL,JEALOUSNESS,PRESTO,DISSIMULATION,PASSWORD,PREARMED,,GENERALIZABLE,IMPALPABILITY,PROTECTIONIST,DUBIETIES,UNBIASED,BURNIE,CIRCUM,MANTLE,,,,,,,,,,,,,,,,,,,,
,,,,,,,,,,,,,,,,,,SUPERMINI,PHLEGMIER,,,OOHING,,OVERBIDDEN,,DECENTEST,CRYOBIOLOGICALLY,,SLINGERS,GANGER,,TRENCH,SKYJACK,,CREAM,,MECHANIST,MYLAR,,AMYL,OVERPOWER,,SPASTICITY,LAPFUL,,RECTI,SWIFTNESS,TABLEFUL,FARTHINGS,SINGABLE,,COVERTURE,HIGHBINDER,PLACIDITY,SOLUBLE,SERVICER,,ASPECT,CONSISTENCY,,AMAZEDLY,DECIDUOUSLY,DOESKIN,UPENDS,GIBS,PINSETTERS,ROOFLINES,TINCTURES,REMODEL,MISCOUNTS,HUMS,BEDEWING,,INATTENTION,PRECISIANS,DELI,,,BE,UNACCENTUATED,ERUPTS,,PROSAISTS,FUMED,RAILS,DEFENDS,TARPS,UNTASTEFULLY,,QUARRELLING,BANDOLEERS,,,HIPPODROME,DESIGNS,TITIVATE,EMERITUS,ROOMING,WARSHIPS,PINCERS,DETONATES,FORTNIGHTS,,AMARYLLISES,,HYPNOTICS,TICTACS,TIDEMARKS,DILUTER,HOCKS,ELEGANT,,BLOWHOLE,BIOTELEMETRY,GROUSED,FATIGABILITY,,,,UNDERSLUNG,,,,,,,,,,,,,,,,,,,,,,
,,,,,,,,,,,,,,,,,,LONESOMELY,TABULATION,MAUT,,GAUD,HERMENEUTICAL,GLADDED,CLOSURED,SPOOLER,REFRESHED,EVERGREENS,,,SKYEY,,SPIRIT,BACKBENCHERS,PYGMYISM,COMMANDANTS,CHANDLERS,RESPECT,TOUCHING,,GAWKER,SPITZ,CRUNCHIER,LISLE,,MATERFAMILIAS,BURPS,BAD,PACKTHREAD,,,OCCUPIERS,SECTILE,MIGRANT,INDUCTIVE,PHOTOLUMINESCENT,LIFTMAN,HEAVENWARD,FIREARM,RECONVERSION,MINUS,,ELEGISE,WARPS,,PED,BROOM,TRUSS,ATOMISTS,BRISKED,GNAWS,DECAPITATING,PARRICIDES,OUTFITTED,DUSTHEAPS,EYEPOINTS,GENUS,TULES,NONIMMUNITIES,PULLING,SAPLINGS,,INTEGRALS,,,,,,TRANSMISSIVE,REBATERS,RUNNEL,FORSAKERS,DAZZLES,SWALLOWTAILS,FANCINESS,PLANARIAS,PROTESTORS,,RECLASSIFICATION,VENERATES,,MITERED,DISCONSOLATENESS,,SHORINGS,BUDDIES,VERONICAS,,,BEDPOSTS,ADJUNCTS,,,SORROWING,,INDIVIDUATING,BEQUEATHING,OBNOXIOUSLY,OUTSIZE,EASY,,PAPIST,GRIEVANCE,,,,,,,,,,,,,,,,,,,
,,,,,,,,,,,,,,,,,JUNKETER,,,,UNSATISFACTORY,BUDGETARY,,,,MUZZLE,,TOXICANT,LIEFLY,DOTH,INFORM,SPENDER,HATCHETS,PLASH,HANDILY,,BRIERY,CIRCULARITY,,TRANSFIGURATION,CHECKBOOK,STAUNCHED,,GUNSELS,RAPPORTS,IMPOSTORS,TRANSLUCENCIES,RICOCHETING,,WEINERS,CONVULSION,ARCHIVAL,REWORK,,SINGLEHANDEDLY,SUTRA,DOXY,CONJURER,GUNFIRES,STARKER,HOP,PARROTY,STENCILS,LANCED,,YONKERS,HOWLED,BIOLOGISTS,,REBOPS,,TRICENTENNIALS,KEYWAYS,OVERCROWDING,KAYOS,LEASELESS,VIOLENT,INNOCENTS,QUOTERS,MAYVINS,REABSORBED,,,PASSKEYS,,SHAVINGS,PREFIGURING,ODDBALLS,MINERALOGICALLY,,SUBCULTURES,DAFFIEST,NEUTERS,FOUNDING,EMOTED,COMMISERATIVELY,,CAYS,,RECTIFICATIONS,,GAMMAS,,,CARBONATORS,PHILIPPINES,,STRETTOS,CAVILERS,STRUGGLES,DEWINESS,SOREHEADS,WOMAN,HESITATERS,,OPPROBRIATE,TUGGER,,VERBALIZED,NEATENING,IONISED,VINOUS,DESTRIER,,,,,,,,,,,,,,,,,,,
,,,,,,,,,,,,,,,,,,,,SOLDIERING,MASTECTOMIES,INTERCEPTING,BULLIER,,PACKETING,,GINGERY,,,FLASK,TSP,,ANAPESTIC,TROPHY,DEPOSABLE,GLASSY,THEOCRATICALLY,REPTILIANS,,GAPINGLY,,,HESITATER,HAIRBREADTHS,,,,HUMANIZER,CRAWLS,QUASARS,,,,,VASECTOMY,WEALTH,,STANZAS,,STOPPAGES,EXTERMINATING,EROSIVE,DRUMMED,PRIMATES,,,,,,VIGOR,,SNUGGERY,EXCRETES,,ESTRUS,,TOKYOITES,WAVIEST,,,,DOZINESS,SKYWARDS,DISMISS,POLYGONS,BEDIZEN,SUPERNOVAS,REEKY,ALLOCATIONS,,HEADHUNTS,,PROMULGATIONS,MELANOIDS,CALXES,AIRDROPPED,LAYERINGS,SPECTROSCOPISTS,SARDONICALLY,BRUSHOFFS,ACCENTS,HEADERS,INFLAMMABILITIES,,DOCKSIDES,HYMNS,,,,SORE,ICHTHYIC,BEHAVES,,,RESUBSCRIBING,UNAPPEALING,SKOALING,CARROMING,,,,COSIE,OVERWORK,CLEANABLE,,,,,,,,,,,,,,,,,,
,,,,,,,,,,,,,,,,GLYCOSIDIC,,AUREOLED,,,,,REPENTANCE,CONCEALED,EXPATRIATIONS,,ANTIC,DARN,INGROWN,WARMTH,,POTENT,ATAVIST,COSTER,,SHOVING,SOLARIZING,CHIMP,,,BULLFIGHTERS,,RETROROCKETS,SCARCITY,SYLVANS,FARMINGS,HEDGES,APPARATUSES,SYNTHETICS,,POLICYHOLDERS,RETORTERS,GEARBOX,GUMDROP,DISCURSIVENESS,HERMES,,SEDERS,,,DECALCIFYING,ENCLAVES,,OUTLAWS,CASES,,,ADDRESSABLE,WARMONGERS,RETITLING,WELLHOLES,OWNING,TRUEBLUES,,IMITATED,INSERTED,STEPDOWNS,OVERLEAPING,,CONCRETELY,,,SILENTLY,NOTICE,RESPECTFULLY,ANODICALLY,SOURSOPS,,TUSKED,PALINDROMES,TONES,,,DEKAGRAMS,PUCKERS,SATIVA,GIBES,PROJECTORS,,,,DEAFENS,,MORTICIANS,,,MONSIEURS,DANDIES,FOOTBRIDGES,ZOOSPORES,RECOMPILATIONS,,,,PYRES,VENDING,COMMENCING,JUXTAPOSING,UNCANNIER,CANVASSING,,GOULASH,LOONIER,PAINT,DOCUDRAMA,,,,,,,,,,,,,,,,,
,,,,,,,,,,,,,,,MAZURKA,,BUOYAGE,,INELIGIBLY,,ANIMATING,,,,PROJECTIONIST,ENCHAINING,SKINK,MERCHANTRY,,PUT,CREAMINESS,BEGOT,REPENTERS,GRANDSONS,,ANTEDATING,,WOMENFOLK,ASSENTORS,PLUNGER,UNDOCKS,VACCINATORS,MILKS,,COLLUDES,,DISJOINTS,ABLATIONS,KREMLINOLOGISTS,GAINSAYERS,SPEEDERS,FEMORA,MANDIBULAR,MINGLE,,FORETOP,,DEBATERS,,ALLEGHENY,SOOTHLY,ZIPS,ANTIPYRESIS,ABSCISED,ABASE,,VIERS,,DIALYZES,PREORDAINED,BACILLUS,STRETTO,TOXICAL,,GATHERS,CORKSCREWING,NUDISMS,,ENABLING,LEVITATES,,CUMBERS,,SKYJACKS,NAVIGATOR,RIBBY,,,SEXTILES,VEXING,PANAMA,POME,MISSPELLING,DEERSKINS,DONATIONS,,SHEEPISHNESS,,STIFFEN,PREREQUISITES,,BATTS,VISCOUNTS,THAWLESS,BREAKTHROUGHS,BOXER,,,,,SPELUNKS,AIRWAY,APHASIACS,YON,PREINSTRUCTS,,APPREHENDING,,CULTURALLY,DISCUSSED,INVESTIGATIONAL,,REGAUGING,CUPCAKE,RUSTABLE,,,,,,,,,,,,,,,,,
,,,,,,,,,,,,,,,PUDGILY,MICROANALYTIC,INTENTIONAL,RESEMBLED,CONTORTIONIST,RAGGEDER,,BYPASSING,,GLINTING,TURBOJET,LANKEST,ANYWAY,CONVEXLY,,FINCHES,SWIMMER,,,DIACRITICAL,PATENTED,,,FLATTENS,DATUM,CAVILER,DIVULGERS,ATHENS,,DEMOTIONS,GRUMBLES,GENES,CROCKETS,GROUNDERS,,,,,DIPHTHONG,,OBFUSCATE,PAPERWEIGHTS,BEFLAGS,,,FRUITLETS,LIBRATES,,,FUZZINESS,,CONTORTED,,,,NUDISTS,CLADDING,DECO,,,VENAL,ENGLISHES,,STATEHOUSES,INFLATING,,,HOOKY,MALFORMATIONS,MODIFYING,DUPE,,,HEBRAIZES,STRABISMALLY,GARNISHES,SPLAYED,ENTERS,QUICKSTEPS,TROPES,TRANSFORMED,HETEROSES,,,DOYENS,APPLIQUES,LED,VANISHED,HAVE,MOUTHERS,PINSPOTTERS,JOBBERS,,WINGLETS,,HAGGISES,,LAPIDISTS,,DANGLERS,,HYDROUS,FISTS,,VETTING,HILLOCKY,THERETOFORE,,SENTENCED,PAIR,WORLDLIEST,,,,,,,,,,,,,,,,,
,,,,,,,,,,,,,,SPINE,COSTIVELY,BEAUTEOUSLY,,,TELEPHONER,BUNDLED,,,NONRHYTHMIC,CHATELAINE,,,,,,VEST,INMESH,BRIBERY,JEOPARDIZING,DISTILLER,DEREGULATING,RACKS,COCAS,,,JERRIES,SELVAGES,,PRESENTATIONS,GETUP,,,DOOMSDAYS,INKPOTS,,ODORANTS,CUKES,,FUTURISTIC,REANALYZES,,FLATULENT,GAINSAYER,,,WAFER,,COQUETTISH,,GLISSADING,DELTAS,MISARRANGEMENTS,COMMENCE,,ENSUING,,APPROVER,SANCTIONED,AIRBRUSHES,JAGGS,LITHOS,NEOPLASMS,GLOATERS,,,RECAP,,PHOTOGS,KILORAD,WHITTLER,,DABBLE,,SUPPLANTER,LITTLENECKS,DINGHIES,COLLABORATES,SWASHERS,CENSURING,BERTHS,,,SONGFULLY,,KINDHEARTEDNESS,,SITE,CONSULTANTS,DATIVES,LARDING,FUNFAIRS,HOEDOWNS,TYPICALNESS,,,REM,AUTOGYROS,MONISTS,SECRETIONS,ICTUS,,REFED,BEROBED,,RHUBARBS,HOSTING,HASTING,RESTRICTIONIST,ANTIRADICAL,CRYPTICALLY,,DEMASCULINIZE,,,,,,,,,,,,,,,,
,,,,,,,,,,,,,,PHOTOPHILIC,GUILD,UNPERFECTED,,MASSACRER,,PREVENTED,MANIPULATES,TRICKY,,STAGNANTLY,DERAILMENT,TARMAC,,ENCLOSURE,,TRINE,FINK,SPLURGE,REPROACHFULNESS,,,COMBATANTS,KAONS,,COMPULSORY,,RIALS,ADAPTORS,,,KILLJOYS,KAME,,ZIZZLES,ELECTORS,CALKED,,,,DOORNAILS,STEROIDAL,AGGLOMERATIONS,SANDPAPERING,DRAWING,MIDTERMS,FORERAN,EXCAVATED,FAKE,,TUTELAR,,QUAG,ASEPTICALLY,BOB,,,PASSIVELY,,,,CORRIDA,APPROVERS,GESTATIONS,EASEMENTS,,DRESSING,IRONWORKS,,DUDGEONS,,NOWS,DUMMKOPF,GAZETTEERS,,,,,DUETTIST,SPONTANEOUS,,,YETI,,COULTERS,MISGUIDES,,CARBURIZING,,GEMMY,,,STEEPS,,,THREATENS,,TRAGEDIANS,PROVOKES,DORMS,,,AX,MEANDERING,,DROVING,CRITICS,EXPRESSWAY,FURNACING,,RETHREADING,,,COGNATION,,,,,,,,,,,,,,,
,,,,,,,,,,,,,,,,OBJECTIONABILITY,HAPHAZARDLY,SUPERIMPOSITION,BIGGING,AWAKENING,,SYMPHONY,RICHES,BREWER,CLICHES,MANLY,ROYALTY,TART,DAWNED,QUENCHES,,,ENTRANCE,FLUFFY,,,LR,WASHBOWLS,,CORPORATIONS,DEMAGOGS,MOUNTINGS,PRIAPISMS,,PASTORALES,,,,FIVES,,PENPOINTS,IRKS,TEAMS,NAY,,,TREKKED,REENLISTMENTS,ELLIPSOIDAL,,RESCISSION,,,,WOLVERS,BECKONED,JOURNALIZING,PERFUMERIES,PALL,BRASILS,MEETLY,,DOTED,KILNED,,,,WHOLESALES,,LOSING,OBBLIGATOS,AUXILLARY,SERER,ROMPS,,HELIXES,,PLAZAS,MYOPES,FLOORING,CAPITALIZED,,DISAPPROVED,WEAKNESS,,,SOAPSUDS,,NECTARINES,QUIZZERS,PREFACING,WHANGERS,,,BEGS,GRANTEES,,TONSURES,BODYBUILDERS,,KIRTLES,MASTLESS,,,,MANGLES,STRENUOUS,FLEECES,KALIUMS,OXFORDS,YIPPED,BORINGS,ALLAYED,BACKBEND,DISENTANGLEMENT,,MOULT,,,,,,,,,,,,,,,
,,,,,,,,,,,,,MISPLACE,HONEYSUCKLE,BRUTAL,RANKED,RETREATED,PARTERRE,QUACKS,,,,GENERALIZING,NONDIPLOMATIC,FROND,WICKEDEST,,,,HEMISPHERIC,,TRICHINOSIS,,HARTS,GILT,NORTHWARDS,PLODS,LIVELIHOODS,,BUSTERS,ESCAPISTS,,,TELETHONS,CASSOWARIES,HASTINESS,PARAQUATS,SCRAPS,,WIRILY,FOREMAN,DICEY,ENTWINES,,,CRANKS,,DIBBERS,,,,,POLYNESIANS,,RELAXERS,MARSHES,,FLANDERS,UNMARRIED,SEROLOGIC,,,INNOCENTER,PROLOGS,CURING,,JAUNTINESS,FUMAROLIC,WARTIMES,,RATIONALNESS,TOKENISMS,REPRESS,,DEPRECATING,ARMOURS,ANIONICALLY,,SATING,ABATE,MURMURING,JINGOISTS,GROPERS,OUTWEIGHING,ALLUSIONS,TELEVISES,SNIVELLED,COIFFEURS,,FRICTIONS,,VARMENTS,STEEPERS,,,,COLLOPS,WASSAILERS,JAPANIZES,FLAWLESS,CRENELATES,,ACCUSERS,SMEARED,SPECULUMS,COMMERCIALIZING,CLODDISHNESS,,CONGRUITIES,TRANSDUCERS,STOWAGES,EFFECTUAL,CLASSIFY,PISHED,TEMPESTED,HIBERNATING,GODLILY,,,,,,,,,,,,,,,
,,,,,,,,,,,,PLANETOID,MARTINGALE,RESIZING,TENDERER,INHABITABILITY,BENEVOLENTLY,WHISKERS,,SPACE,,SPARKLE,LAUGHINGSTOCK,ARMY,CHUTZPAS,,VITICULTURAL,SHUN,,,EMPIRIC,TURBIT,,,JUDICATURE,LIBEL,,,,NIRVANA,ANISE,RAILROADERS,COPERS,AEROGRAMS,SINGLETONS,STEREOSCOPES,KALIF,MOBILIZES,,FRIZZERS,JUMPINESS,PROTONS,LUSCIOUSNESS,NONE,,CAPSIZING,UNHURRIED,RECONCILES,CONGLOMERATED,,,,BOWSED,TANGENTS,CROWDS,,DIPLOMATES,,,,KINKAJOUS,PINNA,OFAY,CIVVY,,NOBBY,TIPPIEST,,DIFFERENTIATED,,ASKS,HYBRIDS,BITERS,,,ANCIENS,GRAPPLER,LOGBOOKS,UNACCOMMODATING,SCOOPERS,TWEEDS,ENMESHING,,DEMORALIZE,,TELEGRAPHERS,PHOSPHOROUS,,SCRIBBLE,REVERBERATORS,NONAGON,,DILLS,BETATRONS,INCENSES,,,ANTLIONS,SEASONINGS,VIEWERS,HACIENDAS,NILLED,,LITERALS,,FUSELAGE,INHABITANCIES,,,FRENZIED,JOTTINGS,LODICULES,HARBOURED,,COMBUSTIBILITY,BEWRAYER,ANGIOGRAM,WORCESTER,,,,,,,,,,,,,,
,,,,,,,,,,,,CAMBER,,,STROBOSCOPE,,SACHETED,SPLOSH,CLANK,PRAY,,GOSH,,MALADY,RESOWN,,VOUCHED,CUPFUL,,,,VASTLY,CHUFFY,,,BILLFOLDS,SS,,GURGLES,PHRENOLOGIES,,CAVEATS,SENATE,BLASTS,ACCEPTABLENESS,MANICURISTS,NEEDS,CATSUPS,,COMMERCIALLY,WINDINESS,,TRUNCATIONS,,YIDS,INDUCTEES,MIDDLER,,APPENDIX,,ABBOTCY,BARWARES,INVADED,BURS,DETERMINING,,FRANCES,REFINEMENTS,,REALLOTTING,,STEEPLEJACK,SPALLS,HOBBLES,,SPILLER,CONCEALS,DANDLING,ENACTS,QUICKNESS,MANAGED,VOICERS,,,,ENGINELESS,EXCULPATED,SNARES,CREED,DASTARDS,CONSERVING,OZONATOR,,SENHORAS,HOKEY,CORRAL,SKEET,TREMATODES,EBBED,GAMBAS,DENATURANTS,,PINWORMS,CROWED,CORRELATES,ABUSIVE,ACCUSALS,NIGHTERS,SHIRES,OCELLUS,OBTRUSIONS,ACONITES,ACCOUNTERS,,COEDS,NONSALARIED,CRYOGENICS,CANDLESTICKS,KINESTHESIAS,RESOLUTIONS,AWFULLER,LEGAL,EDIFYING,ACCELERABLE,INSECTICIDE,CAVORTING,DISTILLING,TEMPORALITY,LOUSY,,,,,,,,,,,,,
,,,,,,,,,,,,KNOWABLE,TENDERIZED,FEZZED,BANTU,PIGEONS,,HERBIER,,PACHYSANDRA,WHINY,,COPYBOY,DEWORM,MUCKY,TRUSTWOMAN,GENUFLECTING,FROSTILY,,MUNCHES,SHIRT,,,,NETTLES,YANKS,PERIPATETIC,AMBITIONS,,LAMEDS,OBEYER,,HANDLOOMS,QUITS,NOUGHTS,ATOP,BEETROOTS,,,REFOCUS,,,GENITIVE,,SILVERING,,RETELLING,LUMINESCES,,CRINKLES,LOTTED,,HANDCRAFTING,,PROVERBED,LOTTERIES,BEHAVERS,RAKERS,,MANIOCS,,SLEEPWALK,ACQUITTED,,,VIRTUALLY,,ANNUITANTS,,MICROVOLT,,,WINDOWING,MONETARISTS,RUBBLING,CONSTITUENCIES,,CODDLES,KINESCOPES,DEWING,JOYLESSNESS,,WIREPHOTOS,SNOWPLOWED,,SKYLIGHTS,PAGE,INTERROGATIVE,SORTS,,FARRAGO,CIRRUS,OBSTRUCTERS,NATTINESS,FLESHERS,HANDBALLS,,,CAROLLERS,,TESSELLATE,WOTS,DISSIMULATOR,CARPORTS,PARERS,,BESTIALLY,,BABYHOOD,DRYS,COOKEYS,BICAMERAL,SPROUTS,DETONATE,,,,CARBONATE,SUBMERSE,,,,,,,,,,,,,
,,,,,,,,,,,,INTERCALATE,SYMBOLED,,BLEACH,EXPERT,,BIORESEARCH,MINCING,RESTRAINER,LUSTIEST,TRANSCRIPT,HIPPARCHS,SUPT,KITCHEN,EXERCISABLE,ANARCHICAL,PLYER,,SPATHAL,REWARDINGLY,,PARADES,PIPELINE,,TWIDDLERS,INVALIDNESS,OCCIPUTS,PONE,,EMBODIMENTS,,DISSUADES,,PLACARDERS,,COUNTS,PYLONS,ALLOYED,WICKS,BURSARIES,UNKENNEL,SLAVEYS,SHUCKING,,SEDUCING,SANITATED,,,CALCULATES,YARNING,STEREOS,,SULLENER,,,POPPYCOCK,DROLLEST,TYRANNICALNESS,,,MEZZANINE,,STOWED,UNDERMINES,,NOBELIST,BOLSTERS,,WEARABLES,SUCKLING,,CATAPULTED,,,,SUSPECTING,JORAM,NOUNALLY,,ERGOTISMS,SQUABBLER,VOCALS,HARASSED,ESPALIERS,CENSURED,KAJEPUT,GAVOTS,BILATERAL,CULTIVATES,,PEGASUS,ALONENESS,WHERES,GOURMANDS,,ATTENTIVE,ENGINES,ANTILOGS,PUFFINESS,SHILLELAGHS,ANILINS,,,PONDERED,WOBBLERS,LOCALITES,,EXTERMINATES,,MOTIONLESSLY,BENEFACTRESSES,SKYLARKING,ICICLES,DAYSIDES,SUFFLATES,,CARDING,,GRIMIER,,,,,,,,,,,,
,,,,,,,,,,,ORANGERY,,CADDYING,INCREASERS,ICHTHYOPHAGOUS,,DEPORTED,GARDEN,HYPNIC,,HAIRCLOTH,TORTONI,HYMNODY,RECIRCULATE,THINK,PROPAGATIVE,DOWSED,BRONCHO,DEFLECT,ADVERSELY,,,DESPISE,JACKKNIFES,UNDERPINS,MOTORCADES,CAPILLARIES,,,ENSWATHES,REPACKS,,,,KINEMATIC,,,LACEY,,ADMINISTERS,,DECONTROLS,,,,,,AMBASSADRESS,,EXTORTERS,,GRIPPING,SERFHOODS,BUNTING,SCREENER,LOLLYPOP,CORRODES,CROSSOVER,DEPRESSOR,,,,ENROLLS,SKYDIVES,HAUNCHES,WHITEN,SECULARLY,HOMILETIC,MISSPELLED,,,BAWLING,,SWIZZLING,,TOOTHSOME,POKEWEEDS,WATTLED,ELFLOCKS,RIOTING,PERSUADES,STARVING,,THIRTEEN,VISCUS,PIGGY,AVERRING,,AMRITAS,MELANOGEN,KICKED,,,FITTABLE,REDRESS,,PAVILIONS,,APPENDICES,,SNEERERS,HAKEEMS,STORYLINES,,BARTENDERS,,,LUMINESCING,,CIVIL,UTERO,OUTWORKERS,STIRS,CORSAIRS,CANAL,INTERLARD,MISDATED,UNSUBDUED,HAIRSTREAK,ARGENT,,,,,,,,,,,,
,,,,,,,,,,,MATUREST,NATIONALISTIC,NOMINAL,,DARKHAIRED,ROBUST,,CHESTFUL,THRIVING,CLOSEABLE,CHEMISTRIES,LUCY,CAUTERY,GRAVELS,,REINFORCER,TRIATOMIC,FUGUIST,BLAND,CHAUFFEUSE,KEYSTER,MAGENTA,TRACHEOTOMIZE,CAM,KNAVISHNESS,PSYCHOANALYZING,ZERO,,BEGORAH,,SHARKSKINS,,MARRERS,,CARACUL,,DEEPENERS,NAILING,,HORMONALLY,HAM,CORSETING,,UNDERSHORTS,LIPPER,ANIMATORS,MUSSED,LICORICES,DISALLOWING,,ENTRAINS,DIZZILY,,SAFFRON,DEBUTED,ADDISON,LESSEN,RUBBERIZES,,,,,EARLY,,,CATARRHS,,,,EVOKERS,FORMATTED,ELLIPSIS,,DUCKING,BARBERING,MISREPORTING,TOWROPES,,,CAGING,RETIREMENTS,CICATRIZED,,SQUALLIER,TOXEMIC,REINS,,DECEPTIONS,MOLLUSCS,,UPLANDERS,,,CORDERS,,LANGUISHES,ACCEPTABLE,COMPACTIONS,VENTRILOQUISTS,,BARQUES,SPEARMINTS,HERALDRIES,,HARPOONER,SAULTS,MATINGS,ANTONYMIES,PUTS,HICCOUGHS,FLINTS,OMELETTES,BLOWFLIES,FOAMERS,TILTHS,,BLANCHING,LAVATIONS,,KIBITZER,TICTAC,,,,,,,,,,,
,,,,,,,,,GRIPSACK,METALWARE,HENTING,LYNCHES,REFORMATIVE,MALTY,,HELVE,LIMP,,JUDICIOUSLY,FILCHER,,,COSMIC,,PIGSKIN,BEACHY,OCTYL,,STINGILY,CONGREGANT,,MENSURABILITY,MACARONI,BURRS,TURNERIES,AUSTERELY,TUNEFUL,ABSCISSIONS,,SCRIMSHAWS,SNUFFLERS,PROPAGANDISTS,,APPROBATE,GRANDMAS,ABSTRACTERS,,,RECITERS,DURATIVE,,EXHALANTS,,ENROLLEES,,SURVIVES,,RESOLUTE,OUTWITTED,GLAMORIZES,FORFEITING,JUGULATE,CARRION,QUARRY,,FELLOWING,,UNHALLOWED,TUSSOCKS,POSTULATES,GAZELLES,FLOUNCE,,OBLONGNESS,ROMANTICS,,PREALLOT,HEADLANDS,,,CARESS,,POKINESS,,ANTITHESES,LABELING,DULLISH,,,ANECDOTISTS,SOGGY,CROUPIERS,DIPPY,,REEFY,ANTIPOLLUTION,MEMORABLENESS,DOWNTURNS,DUPLEXERS,REVINDICATED,TAWDRIES,,FILLS,BELLOWERS,CODDLERS,,FOREDATES,BELLIGERENCIES,,CANCELLATIONS,GORSES,,DEMYTHOLOGIZATIONS,IMPACTERS,REDWOODS,WAFFLING,DAMPENERS,FLUORESCING,PUBLICANS,,ALANS,LEFTISMS,HECATOMBS,COG,,BLENDED,HIRSUTISM,TELEGRAPHIST,BUFFIER,PRUNABLE,RECYCLABLE,,,,,,,,,,,
,,,,,,,,,AUTHORITY,,PENULTS,,CHOLERS,,TIMELIEST,,,OUTSPOKENLY,CASAVAS,TALLOWY,MACHINA,JOLT,,INSURMOUNTABLY,DOWNLINKED,CUCKOLDRY,RISHI,CATALYZER,SCANDALIZE,PLAYA,CHITTERS,SPERMATOCIDAL,EMERALDS,SLITS,MURINE,PERVADES,,PIEDMONTS,,HOMINEM,PHLEBITIS,NESTS,NOVENAS,,ENIGMAS,TOWNLETS,CONFIDES,HAILSTORMS,THORNED,,LANDHOLDERS,SEASHELL,,BESOTTING,,COMMANDMENT,TRUNNIONS,UNDERAGES,LATTICING,CLUBROOTS,,UNDERRATE,IMBIBITIONS,MORALISTICALLY,,TORQUING,,BARRIOS,FOREIGNER,LANKILY,SUBSEQUENTLY,LEV,TORRIDNESS,REAPPLY,,COPPERING,FERROMAGNETISM,PHARAOHS,DOMESTICALLY,CREVICES,HANKING,FRUGALITIES,GALVANIZED,MASSIVE,HAGGLING,JARFULS,,OPTICS,,BELONGINGS,SHUTTLECOCK,PROFESSIONALS,HAJJI,,POSSES,CARPALS,,KILOLITER,PRIZEFIGHTERS,EPONYMIES,MARSHALS,BLENDERS,INSTRUCTORSHIPS,,MELODIZES,,PHYSICS,GROOVES,REDEFINED,BANKBOOKS,MASSEDLY,VENOMED,ACCENTUATOR,PLUNKING,JOLTERS,SCATTERBRAINS,,MER,,,,,FLIRTS,,DIAPHRAGM,SUNGLOW,,DITCHLESS,RELICT,CONTROVERTING,TENDERABILITY,,,,,,,,,,,
,,,,,,,,,,,,DISCREPANCY,,FENCE,CATNAP,,RENOUNCER,,SMIRCHED,IMMOBILIZED,,,SWINGER,POTSY,CHEWER,,BRO,STARCHIEST,,,,LUCIDLY,,PSYCHOTHERAPIES,ADAMANTS,UNDERLIES,TACTICIAN,,AB,REVISER,,DOLORES,TRAMPLERS,PORKERS,FERRETY,,,WASTEBASKETS,,SUSPENSIONS,EXPIATING,FATTIES,CORPSES,,,REQUIREMENTS,AWING,CAPACITANCES,EAVESDROPPED,,,RIVALING,,,NARCOTIZES,SMOKE,ABSTINENT,PROFEMINIST,,,TIPPLER,,BREEDING,,DULL,,STOREROOM,,CUTIN,CROSSTOWN,MULTICOLORED,UNDERWAISTS,BATTERED,ABERRATIONS,,FAWNS,,KILOBAR,,,SPOILING,,,ADVENTURED,THRUPUTS,,,SUBCONTINENTS,MATRICULANTS,PHONEMICALLY,REPRESSES,IMPARTERS,GLYPTICS,STEPPINGSTONES,DECARES,FIREBREAKS,,RESOLVES,,BOBBLES,,,HIDED,MIMER,SCRIBBLED,CONSTRUCTORS,,COONHOUNDS,SOLICITS,,THRESHOLDS,,ALTARPIECES,RATFINKS,UNCHARGED,NONDELIVERY,FLED,,,PHONE,IMPOUNDMENT,WINDSURF,,,,,,,,,,
,,,,,,,,THREAPER,REGILT,LAMEBRAIN,,LICHI,PULP,SURFEIT,PORTAGE,LISP,FOREFEND,CHECK,VENTUROUS,BRAINCASE,,APOSTASY,BADLAND,,,,LARKY,,SPEC,CATECHIST,,TYRANTS,,CUIRASSES,,SUBSIDIZES,,CONDUCES,,,PAMPHLETS,COSMISMS,CRIPPLERS,PREASCERTAINS,CREEPAGES,,,,IRONY,ANTICLIMACTICALLY,HISS,SILLY,UNDERSTANDINGS,ORGANIZATIONALLY,,,GROSSER,,,,,,DOUGLAS,MITIEST,PREPLAN,ANALYZE,PSYCHS,,HOMONYMIES,ATTITUDINIZED,PAGANIZING,,,,OFFSHORE,FLARING,,,COMPRIZED,OPALINE,YOLKED,CREEPERS,,CONFECTIONS,IMPALED,,HILLIER,,,,AM,BROTHERHOOD,CITRONS,BARBERSHOPS,UNCERTAINTIES,,,,FEMININES,CAPONIZED,PARSLEYS,PRAECOCES,MESSMEN,,,ISLANDING,INFIELDERS,,TARPONS,,BERET,,,CAPOTES,,PITCHES,SUTRAS,,STAFFERS,,,RAREFIERS,SULFATES,,PICADORS,,NORTHWARD,STERE,,,JEEPERS,,FRAGMENTAL,,,,,,,,,
,,,,,,,MODERNIZATION,AMENDMENT,GEOCHEMISTS,INSTIL,,STREP,,PACT,SNATCHIEST,GEOGRAPHICAL,SNORT,,,REVENGEFULLY,,WHEELCHAIRS,,FLAMIER,CHIMAERA,,,REVERY,TRADESMAN,,,NUTRITIVELY,NEWSROOMS,ULTIMATES,,BLITHERS,AGRICULTURALIST,CICHLID,DEPUTED,YAM,,,SNIVELS,CAPSICUMS,NICKERED,KINETIC,KOTOS,ZIG,FACTIOUSLY,SUFFICIENCIES,,SHRILLNESS,REALMS,FUME,MALLEABLY,,FLUSHERS,SUGGESTIVE,,ACTS,,CIRCLE,ANIMATER,BURSARS,,LIBELS,SHUNTS,,OVERCLOUDING,,DALLY,LASCARS,MISBEGETTING,BUGGY,WALKINGS,ACCULTURATE,AXILLAR,REFIX,MILLED,,,,PRESSRUN,,EMOLLIENTS,,IRRESPONSIBLY,,,SUMS,YAPPERS,MOILING,,,JIFFS,,,,,TURGORS,,IMPRESSIONIS,,,,OXYGENS,SHOOFLIES,VOCALIC,FLUTTERY,POSTPONEMENTS,,,ASSERTERS,,HOMEOSTATIC,SUGARLESS,,,,,,INTRODUCES,,RESEARCHERS,GANGLIONIC,,,,,,,CLAVICULAR,PERMANENCY,,,,,,,,,
,,,,,,,VARIOUSLY,,DIPHTHERIA,ALWAY,CONFIDE,SYRINX,OVERMATCHED,JETTING,,DASHING,,FOREBAY,DIABOLICALLY,REWEDDING,,,STRAIGHTENERS,BOGLED,PUPATES,,TETRARCH,BOCK,,DRUMSTICK,PAUNCHES,LONGINGS,MYTHOS,DISFRANCHISING,,,COMPLEXIONS,GENTLEFOLK,CITRUS,STILETTOS,SENNITS,,RATTLESNAKES,,FENCERS,VINTAGERS,,LAVED,FELON,WIFELIEST,,,EMBROILING,NECKTIES,SHARPING,POSSESSORS,,HASIDIM,WIDTHS,DISEMBODIMENT,MANIFOLDLY,,,BEDSPRINGS,SOBERIZE,PENCILED,,TRESSIEST,,,,,,,,SHOVELLED,STARVERS,,DIFFERENTIATING,,,PANCREAS,BOONDOGGLING,INTRICACIES,,,SKEPTICS,TRANSCENDED,,,BOILS,ALBACORES,BELATED,MACERS,,BORDELS,JAILS,REDOLENT,,,BECOME,,NARCOHYPNOSES,,,RECUR,TARTUFFES,OXIDE,GASEOUSNESS,MAGNETICS,DEMIMONDAINES,,LEDGELESS,MEDULLAS,HELVES,RECUPERATES,,STALWARTS,,ADJOINTS,BRITANNICA,CEDER,TAILORS,,,WORKROOM,CYTOLOGIES,HUTCHED,,SECOBARBITAL,GROPING,DOGNAP,AWESOMELY,STINKIER,,,,,,,,
,,,,,,NEUROVASCULAR,DIHEDRAL,SEVERABILITY,FINING,ESCHEWED,CRESTED,,,GUNSHOTS,,SHALLOWEST,,SUFFERANCE,,REMAINDERING,UNINVITINGLY,,EXCITABILITY,,BOTHER,CODE,,MAUNDER,DENUCLEARIZED,TRIABLE,WARMUPS,,,,,FLOODS,,PARROTERS,MAGE,CLANGS,,,DIALISTS,LYMPHS,SELECTEES,ENGORGES,CIRROSTRATUS,DAGOBAS,PROLONGS,INTIMATES,,CLOSURES,FINALIZATIONS,,CROSSCUT,MIME,,CULTIVATABLE,OVERTOP,INFECTIOUSLY,CUBOIDS,,DECILITERS,PEROXIDING,,DISCOMPOSES,NONCOLLAPSABLE,CRIBBAGE,,LUFFING,,,PRETTYING,FOLDS,,,,STENCILLING,,,DEDUCTING,DOLESOME,METRICATING,GYROSCOPES,,VALUATORS,WIDDLED,HESITANCIES,,ADJUDGING,STYLINGS,,,,BIGHORNS,RECRUITS,KRYOLITES,PHILOLOGY,MYSTIQUES,GRILLAGES,SUBGENUSES,WAGERS,,,,GENEVAS,,SPATES,,,KOPPIES,,RALLYINGS,REGICIDES,,LUDICROUS,WHITENESS,,,,,,,PENALIZES,ACTIVISMS,ADMINISTRATRICES,CONTRARY,CHAUFERS,SWINGE,CHASMS,,GROWING,OTHER,REPLETION,,,,,,,,
,,,,,,PLENIPOTENTIARY,SPECULA,SIGHTLY,BACCHANTS,,,CATCHUP,GAMY,DEMENT,MILCH,,WRINKLED,RURALLY,SISTERED,BOTULISM,APPARELLED,BLOWER,POSOLOGY,,,DWARF,SPUMONI,,,DIVERSELY,SUFFICES,CRUDITIES,HAT,WAGONETTES,MULTIPURPOSE,,AFFUSIONS,ORGIC,SENATORS,,FLABBERGASTS,,TULIPS,FOWLERS,GEOSYNCLINES,SQUEAKERS,POISONINGS,PORTLINESS,BREWERS,SHEATHS,,PADDOCKS,BUNGED,,CATHODES,,STATESMANLIKE,,,PLAYED,CONTROLS,NECKBANDS,DIFFUSING,,MISCLASSIFICATION,YUMMIEST,,,WATERFALL,APPLAUDED,,,MANUMITTING,REGIONALLY,MUSS,MASTIFF,AMERCING,,WISHED,ALTOS,GOBBING,SNOOZES,COMMUNICANT,CARATS,SLEETING,,,MONKEYED,SYRINXES,DUKEDOM,ADHESIONS,,NONACID,LUTANISTS,WRAPS,RENOMINATED,TRAMWAYS,FORMULATION,,STILTS,BOOKSTORES,,,CONDENSES,PRANKS,,,OPTATIVES,,CONDEMNS,SHMOES,PIPEFUL,SLEETS,BACONS,GOBLINS,DUCKLING,FINITE,,HEDONIC,KEESTERS,NAG,DOLED,SURRENDERED,,CHLORATES,PATROLWOMAN,SERVER,,,PANCREATIC,SIXTY,SWITCHMAN,CONFIRM,DISBELIEF,DRAWBORE,,,,,,,
,,,,,MCDONALD,RIVERSIDE,ZEROES,ENTENTE,DEPLANE,ECLAT,DOTARD,DANCER,RASP,DRONER,FLYTRAP,,,SMOLDERED,,,STREAKED,GASSED,FREEDOM,,HINDI,,,BRUSK,KNUCKLIEST,CROSSTIES,TRIVALVE,EMOTIVE,,,,,,,,BIMETHYLS,ENFLAMES,MARITIME,COUNTERBALANCE,ALUMS,TAVERNS,KUMISS,,MOTHERLESS,SPIELERS,ACTIVISTS,,POSTMISTRESS,OVERSTAYS,,DUALITY,,TOUGHENERS,,REPOSING,COOKY,TRUTHFULLY,COASTED,ABRIDGING,,,HERITORS,METALLOENZYME,TAXIMETER,CLOGGIEST,,SNORTED,GLANS,ACTED,DUNNAGE,ZIPPY,FOOTBATHS,,,,,RESUMMONED,PAINS,,RESUME,FACULA,OVERRUNNING,SONGSTERS,LIFESTYLES,,,,,,,,CADGES,AWAYNESS,CHIRKED,KINES,PLATITUDINOUS,OVERLAPPING,MISSILES,,,PARQUETS,SEALSKINS,,EXPRESSES,TACTLESS,,DILATERS,,TUNS,LUMMOX,PARKS,,FREEING,,,INSPIRITS,DOGGIES,ELSES,HID,COROTATE,BILGES,NETHERMOST,,GUNSLINGING,,DIGESTION,MENDELEVIUM,CRANK,SPECIFY,SUMATRA,ALTRUIST,,,,,,,
,,,,,REMBRANDT,,DOUCHING,,FOXY,,SAPSUCKER,,FRENCH,,MECHANICALLY,JEST,YACHTMAN,CLASSICALISM,,BUDGED,CRENELATED,,,SCOTCHMAN,WRAPAROUND,,SUMACH,STOLID,,HYDROS,PROPERS,RAPTURE,COLLECTIVES,ALGINS,,JOLTS,WHALER,,OBJECTIVE,RICERCARS,CARDIOTHERAPIES,,,CLASSIFICATIONS,COWBIRDS,WISE,KINGHOODS,,ACUTE,TIRES,NOMINATES,,OYSTERER,ABLER,DECANTER,HISPANICS,,DOGGY,,WORSHIPPING,LUNKERS,REMEDIALLY,UNTRANSCENDENTALLY,,UNFORBIDDEN,CARPETED,,TRANSPIRES,,ACCRETING,,,MOBBISH,,LAMBASTING,ASSEVERATED,COCKPITS,,SEPTETTES,MAYING,,RAFFISHLY,MONOMER,EXTIRPATING,,WINDWARDS,BESTS,GENOTYPES,BEDIZENS,,MOODS,FATALISMS,,GEEGAWS,WANDERINGS,CYCLONAL,,CANNABISES,TOTER,CANALS,NOUNS,,,NODULE,RECESS,LADED,DISTORTIONS,FLOGGERS,ADOLESCENTS,,,BOURGS,ADENINE,,,,,ANGLEWORMS,POSED,PECULATE,ROOSTING,,HUMBLENESS,MASOCHISM,REMADE,PLOW,,BOWKNOT,HAROLD,TRANSCENDENT,CHISELED,ANGLOPHILE,SHACK,,PARATYPHOID,PALEOGRAPHY,,,,,,
,,,,,LIGHTEST,GREASING,JERKIER,,ENCAPSULATE,,,MAGNIFIER,EXTENDIBLE,SCARF,SCARE,WATCHDOG,PUDDLY,HALLOWER,ROTATING,,CONSPIRING,NAUTICALLY,,PSYCHOMETRY,CRISPING,PEAVY,,BRIBING,PITEOUSLY,,PAGAN,PLOWLANDS,PURIFICATIONS,,IMPACTORS,WATER,CIRCUSY,MESSRS,ANOMY,EXHORTERS,CHOSEN,EXCUSABLENESS,EMBARKS,GUIDERS,,,ANDS,ANODE,SEMIOTICS,,STUTTERS,OVERBUY,,,,CANTERING,STAMPEDES,,REENLARGES,,GIGGLIER,,,,PROPANES,SHORTFALL,,EARRING,FABLES,ATTRACTIVE,KILTS,COMBATTANT,ANGLED,,,UNDERCOOKED,PROCEEDED,CORPULENCIES,DOUBTLESSLY,EMOLUMENTS,,TOPOGRAPHIES,WILDNESS,,MUSSIER,NYMPHETS,SALINOMETER,,MISCONSTRUCTIONS,FIREBRANDS,GARMENTS,PYORRHEAS,DUNGHILLS,VALORIZED,MUGGERS,,,,,GEMMOLOGISTS,WOODPILES,MONOCLES,,STREAMS,TOPOS,,PREFERS,,,,,ERRANTRIES,LATENED,DEATHTRAPS,TRAWLERS,,,UMLAUTS,ENCOURAGEMENTS,COLOSTOMIES,,SETTING,ATHLETES,PERMS,CHAD,SULFITE,GYMKHANA,,,,,PAPERWEIGHT,FOLDOUT,,SKEIN,SPAREST,,,,,,
,,,,VIEWFINDER,NEUROPATH,DANGEROUSLY,FIBRIL,PSYCHOPHYSICALLY,FINKING,INFECUND,,ZINC,DECOROUSLY,ASPHYXIATE,,BLANCH,,BLINDFOLD,SHEEPFOLDS,KERB,NONTECHNICAL,BLOWBACK,,,,STAG,,CHROMO,ALLHEALS,UPWARDS,WEALD,DIRTIEST,ADVISEMENT,PURSUER,,INVADABLE,POINTEDLY,,QUALIFY,CAMERALIST,THERMOPLASTIC,OVERHEARD,INDEMNITY,PALESTINE,MONASTERY,,SATISFACTORY,HANDPICK,FUNKIER,,,ROTGUT,,CARETS,THWARTER,,DEMOCRATIZE,,COUNCILMAN,COUNTDOWN,SELENOLOGY,LOCKED,DEMOCRATISM,RECLUSIVE,,VARIFORM,ATHEISTICAL,AIRWORTHY,,PETROLOGICALLY,FRAIL,PICKETER,SYSTOLIC,,REVERSION,LICENSE,SCOTLAND,FLUXIONS,FINAGLED,,FISHERS,,CELLISTS,VALUATING,GREETS,WINDIER,PRONATION,,FARSIGHTEDLY,LOWLIEST,,DISREPUTABLY,CANNIE,GRAMPUS,,BIGAMIZED,,FAMELESS,DECILITER,SLAGS,HONORABLE,,,WHACKIEST,CLOUTED,SWAYABLE,,RIFLES,RICKRACK,EMULATIVELY,,ENGULFMENT,,FOMENTER,,SANCTIONS,,HUMORER,,,,,,,PARTNERSHIPS,LIMNING,,VERSED,ZUCCHETTOS,,OVERSTRETCH,,,,DIRECTIONAL,EMBLAZONMENT,HARLEQUIN,,,,,
,,,CAMPGROUND,DYNAMISM,TRANSFIXT,PROFANATION,KEYSET,,FUNGIFORM,CARTOGRAPHIC,PIMENTO,,DISJOINED,,BRETHREN,SCRUPLED,LAMPOONIST,FLOP,STOW,TOMBSTONE,YARELY,DREADFULS,REINFORCEMENT,DISPATCHER,,REGISTRANT,,HAYRACKS,,NARCS,JANISARY,QUI,,TRYOUT,QUOTER,TWO,ABSOLUTISTIC,ACCIDENTALS,ALTRUISTIC,TOUPEE,ROPIER,,EQUIPPER,POTTIER,PROCLIVITY,,ANATOMY,TERR,TOE,PEPPY,,PUTTER,HEIGHT,SERINS,POSTGLACIAL,LEARNABLE,TOTTERY,PUREE,,STURDIEST,,SPELLBOUND,STUDENT,PROPRIETY,TORQUER,,UPROOT,,INFLAME,,,WEE,,POUR,OTTO,ANGOLAN,PROFUSE,,NURTURING,REPINERS,BLISSFUL,LITTERERS,,,DESICCANTS,TRIGONOMETRY,QUE,REQUITE,HYDROGRAPHY,TROOPER,,LOWERMOST,EARTHS,,NODES,CLOSEUP,EPISTLERS,,BATHROBES,SWEATERS,MARYLANDER,NITROUS,POTTER,RETORTER,UPPER,PEPPERER,GREATER,EROTOGENESES,,WROTE,PP,,PRETTY,TITRE,GLOATER,BALLOTS,LINEARLY,TRITER,STRINGIEST,POURER,RYE,TIPTOE,LONGTIME,,CHLORINATES,WEREWOLF,HELMED,WINDBREAK,BREZHNEV,,CABLE,WRITING,CULMINATION,YOLK,STEATOPYGIA,PERPENDICULARITY,MYRIAD,,,,,
,,,AIGRETS,DECEITFUL,BROACHER,FORD,INCURABLY,WHO,,UNSPRUNG,,,HOSPICE,,,SIBERIANS,COHOS,,DUSTMAN,MINDING,INST,CAMPCRAFT,TABLETOP,PAMPHLETEER,IMPOVERISHES,,STINKER,RANCHERS,TINSELS,FLUFFS,DEFAULTER,TIREDLY,MEDIANLY,,FORESWEAR,NUTRIENT,CYTOSINE,HODGEPODGES,,WISCONSIN,,IMPUDENTLY,SEASONABLY,VALIANCY,,REVAMPS,DRAINER,,,FESTIVAL,RHAPSODY,RESISTIVE,OLDEN,DIMENSIONS,LENGTHWISE,,,MIGRATION,INCENTIVE,SPIEL,INTERBOROUGH,MIGRANTS,,,AMETHYST,PERMEABLY,,LONELY,LYRICIZE,AVITAMINOSIS,DECLAIM,,COINSURER,OUTWARDLY,,COMPLETELY,MONASTICAL,WORMED,GAINERS,,,,,NONPLUSES,ROTES,RECTANGLE,IMPLOSION,DISPARATELY,DARWINIST,SUBVARIETY,ADMIXTURE,MALTREAT,GRAVITON,,DOGMATIC,INTAGLIOS,SATIRIZES,RUMORS,SEDUCTRESS,,DISINTEGRATOR,PHLEGMATIC,PREDIGEST,INSENSIBLY,NEOLITH,STALAGMITE,REACTANCE,MINCERS,,CZARDOM,SORTABLE,,ABRASIVELY,ARROYO,,SUPINATOR,RUDELY,CONTROVERSIAL,SYNCOPAL,,DISCOVERABLE,,IMPRECATE,,MEDUSOIDS,PROPAGATE,,SPHAGNUM,BLURB,CHUMMY,FRINGING,JURYWOMEN,,DEBOUCHED,SCENTED,SCHEMATA,,,,,,
,,MUNDANE,INTERBANK,TYPECAST,RINGER,,SLIMILY,PRECANCEL,CLERIC,,FRONTER,CHOREMAN,BEHEST,CONGENER,RESIGNER,,COMPATRIOT,CHURCHYARDS,CLASPT,GENTLEMANLY,KARST,,PREDICAMENT,SHAY,CHARLOTTE,MORBIDITY,,,,,,,APPLICATORS,CHRYSLER,PAGODA,SOPORS,,ACEROSE,NOBBLES,STELLAS,REIMBURSE,WRATHILY,,GUILTLESSNESS,,TRIPTYCHS,MODISTES,VERBALIZE,VOLUNTARY,EXPATRIATES,,,GRANDS,,FIREDAMPS,GLYCERYLS,GOSHAWKS,,MOGUL,MANILAS,SCRABBLERS,,,,WOTTING,APOLOGIZE,CARROTIEST,PAGINAL,PALADIN,,COMPLAINTS,SHEET,HUTS,FASHIONED,,,WARDERS,,DURRA,,TOPSIDERS,SUPPLICATES,RHIZOMATOUS,BLUSHERS,,,MEDALLIONS,,DISTRESS,INCORPOREALITY,PANTHEONS,,AVOCETS,REGULATE,CHILLILY,NATURALIZE,METALS,BLEAKNESS,FUNICULUS,,HARDINESS,,,DEDICATOR,,,KANAS,ASKING,HICCUPS,EARSHOTS,RUSTICATED,,,OVERPAYS,LEXICOGRAPHICALLY,BICYCLISTS,,PROSECUTRIXES,HAZARDS,SWOOSHING,MOTHBALLS,IBIDEM,LABORER,CONSENTERS,CHRISTIANITY,INSINCERE,CHATS,,RESISTIBLE,PRICKLY,CHANGEFUL,BLAH,OCTAGON,GUNK,INURN,MULTIFORM,,,,,,
,,,FAVORABLY,,,DISTEND,OXYGENIC,VEND,SCHMOOZED,DISBURSED,,,FORGAVE,SKIM,CHANNELLED,CLASTIC,DEFORMATIVE,TACK,COMPOSE,,,DUPLEXED,,,,COST,,SQUASHES,,ASTRINGENTS,REMISS,SNOWFLAKES,DINGEY,,COCKIEST,,PREADAPTS,NOSED,SQUINTIEST,ADS,FUNGITOXIC,POLYCLINICS,,WRESTS,CASHLESS,FAULTY,,PHYLACTERY,SERUMS,ORIENTATING,SMOGLESS,CONTEMPORARIES,PUPATING,SCENARIOS,AFFRIGHT,,MOULDINGS,ALEPH,WATCHWORDS,,SIFTER,REVISITED,,CENOBITIC,,,CAWING,VERSIFIERS,,FLUOROSCOPES,WILLPOWER,,BONNETING,CASTIGATORS,HAYSTACKS,ROLLOUT,,,,,CARBINEER,TURBOJETS,STRAITENS,SYSTEMLESS,WOODLOTS,AWOLS,CLUCKS,CAPTAINSHIPS,RURAL,STREAMLETS,OPERATIVES,,SICKLINESS,PREPARE,,AMPLIFIERS,BLACKTOPS,,,MAILS,,GIANTESS,CADS,FATHERLINESS,,WHITENERS,,STYLIZES,BACKDROPS,LAPSES,FACET,HOARDS,,,,WINOS,ABIGAIL,,KILOBYTES,,,FISHES,DISORDERS,EARTHLINESS,,,DISPARAGED,TRAINLOAD,,PROBLEM,TRICKISHLY,GROTESQUELY,DIVULGED,CHIGNON,,EMERALD,TYPIEST,SINEWY,WASTAGE,,,
,FORKFUL,LARVICIDE,CHURCHYARD,ASUNDER,KITCHENWARE,HAPLY,BLEACHED,CEREBRIC,THORIUM,INEVITABLY,TINT,DICHROMATIC,LAUNDER,INLAYER,RIPING,HASTEFUL,CURD,REACHERS,,SPOILSMEN,,MACHS,DISK,MISUNDERSTAND,,,,RAPTUROUS,,,,LIBERTIES,,,BIRDLIMES,EJECTORS,,ENGRAVES,ASININE,,,VIRULENCE,PROPHETS,,,CUCUMBER,PROTEAN,CYCLONES,,REWASHED,INNERVATIONS,,INMATES,CABERS,NURSES,CORDING,RONDOS,INDOORS,MAIDS,,GUARDERS,,ACCLIMATIZER,BIOLOGICS,,,EUCALYPTUSES,DEPROGRAMMER,,,,,ENFRAMED,,DUSTBINS,ADAGE,WINDJAMMER,SUPERFICIALNESS,,PRECEDES,TRICERATOPS,WELCOMERS,DARNS,,,,COGENCES,BULLRUSHES,,SIDEKICKS,BIOKINETICS,RELICS,TURNAROUNDS,HUBRISES,,FITNESSES,BONDMAIDS,REDIP,BOOTS,COPLOTS,CANTLES,LINUM,KAYO,,VALIANTS,,KITTENS,,,COMMENDATIONS,,AMOK,PURRED,KEGS,STABLINGS,RHINOCEROS,,BUBBIES,TWEETS,FOULINGS,PATHOLOGIES,HANKERS,OFFICIANTS,SHELLFISHES,BENCHMARK,,ARTICHOKE,DESULFURED,,DROWND,ENFRANCHISES,LUNG,OBSTRUCTIVE,,CORNICHE,DISREGARD,WATCHMAKER,GUNMAN,POLYDACTYLISM,,,
,WOMANLIEST,SNOWILY,CRISSCROSSING,,SHRUNK,,,,SPUTUM,STRAY,,EXPLETIVE,STRAVINSKY,,SHLEP,PRACTICABLY,EXTRACTIVE,DISJOINT,FULCRA,LYRISM,MULTIFAMILY,DENSIFIED,SUAVELY,EXPECTABLE,RADIOCHEMISTRY,UNPLEASANTNESS,MANIFOLDS,RISE,MIDWAYS,UROLITHS,,,ARMAMENTS,,HEARTBEATS,,DUETS,,WAWLS,,SUDSES,QUINTILLIONTHS,BATHERS,,,,TAPHOUSES,HUTZPAS,,HILLTOPS,BOBBINETS,SOPORIFIC,BAREFIT,,,,REF,,SPEAKINGS,,PREMIES,,,JOGGING,SHANKS,,IMPRECISENESS,OPENERS,REFLOWING,ROBOTS,QUAFF,,EMBANKS,GRENADIERS,,,REJUDGED,MAGNIFICATIONS,DARKNESS,,,HEME,SILKINESS,,TOURNAMENTS,HOMEMAKER,WHISPERS,,FOREGOERS,HYDROLOGICAL,,SNIPE,,HEPCAT,LUMBERERS,FRIEZES,PHOTOSYNTHESES,RADIOGRAMS,IMBALANCES,,UNAWAKED,MENTORS,WIDOWERS,